Fecha,Casos_Diagnostico,Casos_Recuperado,Casos_Muerte,Casos_Activos,Tasa_Contagio,Tasa_Recuperacion,Tasa_Muerte,Pais,Ciudad
2020/03/09,1.0,0.0,0.0,1.0,,,,Colombia,Medellín
2020/03/11,3.0,0.0,0.0,3.0,2.0000008430533875,0.0,0.0,Colombia,Medellín
2020/03/14,5.0,0.0,0.0,5.0,0.666667509720765,0.0,0.0,Colombia,Medellín
2020/03/15,6.0,1.0,0.0,5.0,0.20000042152740455,0.2,0.0,Colombia,Medellín
2020/03/19,9.0,1.0,0.0,8.0,0.6000015174992961,0.0,0.0,Colombia,Medellín
2020/03/20,16.0,1.0,0.0,15.0,0.875003319533908,0.0,0.0,Colombia,Medellín
2020/03/21,17.0,1.0,0.0,16.0,0.06666711629798304,0.0,0.0,Colombia,Medellín
2020/03/22,19.0,1.0,0.0,18.0,0.12500089575026566,0.0,0.0,Colombia,Medellín
2020/03/23,32.0,3.0,0.0,29.0,0.7222280065490757,0.1111111111111111,0.0,Colombia,Medellín
2020/03/25,38.0,6.0,0.0,32.0,0.20689934255802775,0.10344827586206896,0.0,Colombia,Medellín
2020/03/28,42.0,11.0,0.0,31.0,0.1250020022830242,0.15625,0.0,Colombia,Medellín
2020/03/29,50.0,18.0,0.0,32.0,0.25806908501344994,0.22580645161290322,0.0,Colombia,Medellín
2020/03/30,58.0,24.0,0.0,34.0,0.25000526919250676,0.1875,0.0,Colombia,Medellín
2020/03/31,62.0,29.0,0.0,33.0,0.11764993519243305,0.14705882352941177,0.0,Colombia,Medellín
2020/04/01,63.0,34.0,0.0,29.0,0.03030382228263749,0.15151515151515152,0.0,Colombia,Medellín
2020/04/02,73.0,36.0,0.0,37.0,0.34483674375026374,0.06896551724137931,0.0,Colombia,Medellín
2020/04/03,84.0,40.0,1.0,43.0,0.297306445843472,0.10810810810810811,0.02702702702702703,Colombia,Medellín
2020/04/04,86.0,44.0,1.0,41.0,0.04651327485958798,0.09302325581395349,0.0,Colombia,Medellín
2020/04/05,95.0,48.0,1.0,46.0,0.21952015300856847,0.0975609756097561,0.0,Colombia,Medellín
2020/04/06,100.0,50.0,1.0,49.0,0.10870000506768475,0.043478260869565216,0.0,Colombia,Medellín
2020/04/07,113.0,55.0,1.0,57.0,0.2653173062769579,0.10204081632653061,0.0,Colombia,Medellín
2020/04/08,140.0,56.0,1.0,83.0,0.4737067743625034,0.017543859649122806,0.0,Colombia,Medellín
2020/04/09,142.0,60.0,1.0,81.0,0.024097807643254972,0.04819277108433735,0.0,Colombia,Medellín
2020/04/10,147.0,63.0,1.0,83.0,0.061732090144959055,0.037037037037037035,0.0,Colombia,Medellín
2020/04/11,150.0,65.0,1.0,84.0,0.03614681812907331,0.024096385542168676,0.0,Colombia,Medellín
2020/04/12,157.0,65.0,1.0,91.0,0.0833386027479646,0.0,0.0,Colombia,Medellín
2020/04/13,167.0,69.0,1.0,97.0,0.10989738286187575,0.04395604395604396,0.0,Colombia,Medellín
2020/04/14,180.0,70.0,1.0,109.0,0.1340300535926994,0.010309278350515464,0.0,Colombia,Medellín
2020/04/15,190.0,71.0,1.0,118.0,0.09175008078259822,0.009174311926605505,0.0,Colombia,Medellín
2020/04/16,194.0,71.0,1.0,122.0,0.033901020218745484,0.0,0.0,Colombia,Medellín
2020/04/17,200.0,74.0,1.0,125.0,0.049184349975344904,0.02459016393442623,0.0,Colombia,Medellín
2020/04/18,208.0,77.0,2.0,129.0,0.06400539599431734,0.024,0.008,Colombia,Medellín
2020/04/19,219.0,88.0,2.0,129.0,0.08527879486230329,0.08527131782945736,0.0,Colombia,Medellín
2020/04/20,225.0,94.0,2.0,129.0,0.04651592199208138,0.046511627906976744,0.0,Colombia,Medellín
2020/04/21,228.0,101.0,2.0,125.0,0.023258019824703827,0.05426356589147287,0.0,Colombia,Medellín
2020/04/22,234.0,103.0,2.0,129.0,0.0480046136295994,0.016,0.0,Colombia,Medellín
2020/04/23,249.0,112.0,2.0,135.0,0.11629054034128271,0.06976744186046512,0.0,Colombia,Medellín
2020/04/24,254.0,117.0,2.0,135.0,0.037040924856307215,0.037037037037037035,0.0,Colombia,Medellín
2020/04/25,255.0,120.0,2.0,133.0,0.007408200586665358,0.022222222222222223,0.0,Colombia,Medellín
2020/04/26,258.0,126.0,2.0,130.0,0.02255881580789764,0.045112781954887216,0.0,Colombia,Medellín
2020/04/27,266.0,130.0,3.0,133.0,0.06154515481045199,0.03076923076923077,0.007692307692307693,Colombia,Medellín
2020/04/28,269.0,136.0,3.0,130.0,0.02255892042015679,0.045112781954887216,0.0,Colombia,Medellín
2020/04/29,273.0,140.0,3.0,130.0,0.030772720107437892,0.03076923076923077,0.0,Colombia,Medellín
2020/04/30,277.0,142.0,3.0,132.0,0.03077277199947945,0.015384615384615385,0.0,Colombia,Medellín
2020/05/01,278.0,144.0,3.0,131.0,0.007576642246061522,0.015151515151515152,0.0,Colombia,Medellín
2020/05/03,284.0,151.0,3.0,130.0,0.045806894569706984,0.05343511450381679,0.0,Colombia,Medellín
2020/05/04,287.0,153.0,3.0,131.0,0.02307968602762211,0.015384615384615385,0.0,Colombia,Medellín
2020/05/05,290.0,164.0,3.0,123.0,0.022903534185059585,0.08396946564885496,0.0,Colombia,Medellín
2020/05/06,293.0,168.0,3.0,122.0,0.024393225795970207,0.032520325203252036,0.0,Colombia,Medellín
2020/05/07,296.0,174.0,3.0,119.0,0.024593201373569375,0.04918032786885246,0.0,Colombia,Medellín
2020/05/08,299.0,185.0,3.0,111.0,0.02521322993492597,0.09243697478991597,0.0,Colombia,Medellín
2020/05/09,300.0,197.0,3.0,100.0,0.009010144615455,0.10810810810810811,0.0,Colombia,Medellín
2020/05/10,302.0,200.0,3.0,99.0,0.02000252947896949,0.03,0.0,Colombia,Medellín
2020/05/11,307.0,217.0,3.0,87.0,0.05051148066744847,0.1717171717171717,0.0,Colombia,Medellín
2020/05/12,311.0,219.0,3.0,89.0,0.045982962086860424,0.022988505747126436,0.0,Colombia,Medellín
2020/05/13,318.0,226.0,3.0,89.0,0.07866199756788995,0.07865168539325842,0.0,Colombia,Medellín
2020/05/14,328.0,227.0,3.0,98.0,0.11237461386547355,0.011235955056179775,0.0,Colombia,Medellín
2020/05/15,335.0,232.0,3.0,100.0,0.07143844855828235,0.05102040816326531,0.0,Colombia,Medellín
2020/05/16,341.0,234.0,3.0,104.0,0.06000847387958238,0.02,0.0,Colombia,Medellín
2020/05/17,349.0,239.0,3.0,107.0,0.07693413547740865,0.04807692307692308,0.0,Colombia,Medellín
2020/05/18,355.0,243.0,3.0,109.0,0.056083016882213524,0.037383177570093455,0.0,Colombia,Medellín
2020/05/19,368.0,243.0,3.0,122.0,0.11928390491762032,0.0,0.0,Colombia,Medellín
2020/05/20,372.0,246.0,3.0,123.0,0.03279197199424352,0.02459016393442623,0.0,Colombia,Medellín
2020/05/21,385.0,248.0,3.0,134.0,0.10570763269866094,0.016260162601626018,0.0,Colombia,Medellín
2020/05/22,393.0,251.0,3.0,139.0,0.05971118292837514,0.022388059701492536,0.0,Colombia,Medellín
2020/05/23,427.0,255.0,3.0,169.0,0.24464484439231787,0.02877697841726619,0.0,Colombia,Medellín
2020/05/24,440.0,270.0,3.0,167.0,0.07693692494040569,0.08875739644970414,0.0,Colombia,Medellín
2020/05/25,446.0,280.0,3.0,163.0,0.03593480860143291,0.059880239520958084,0.0,Colombia,Medellín
2020/05/26,469.0,291.0,3.0,175.0,0.1411308271906406,0.06748466257668712,0.0,Colombia,Medellín
2020/05/27,483.0,292.0,3.0,188.0,0.08001581880219794,0.005714285714285714,0.0,Colombia,Medellín
2020/05/28,504.0,299.0,3.0,202.0,0.11172487454318862,0.03723404255319149,0.0,Colombia,Medellín
2020/05/29,515.0,302.0,3.0,210.0,0.05446701702768789,0.01485148514851485,0.0,Colombia,Medellín
2020/05/30,531.0,304.0,3.0,224.0,0.07620701967942373,0.009523809523809525,0.0,Colombia,Medellín
2020/05/31,548.0,325.0,3.0,220.0,0.07590984808818718,0.09375,0.0,Colombia,Medellín
2020/06/01,553.0,327.0,3.0,223.0,0.02273252386142188,0.00909090909090909,0.0,Colombia,Medellín
2020/06/02,577.0,342.0,3.0,232.0,0.10764841167859777,0.06726457399103139,0.0,Colombia,Medellín
2020/06/03,593.0,353.0,3.0,237.0,0.068982295170383,0.04741379310344827,0.0,Colombia,Medellín
2020/06/04,606.0,362.0,3.0,241.0,0.054866035275906645,0.0379746835443038,0.0,Colombia,Medellín
2020/06/05,619.0,379.0,4.0,236.0,0.05395569142900067,0.07053941908713693,0.004149377593360996,Colombia,Medellín
2020/06/06,632.0,391.0,4.0,237.0,0.055099122496482175,0.05084745762711865,0.0,Colombia,Medellín
2020/06/07,648.0,406.0,4.0,238.0,0.06752853844716278,0.06329113924050633,0.0,Colombia,Medellín
2020/06/08,676.0,413.0,4.0,259.0,0.11767920280156595,0.029411764705882353,0.0,Colombia,Medellín
2020/06/09,710.0,423.0,4.0,283.0,0.13131154875271006,0.03861003861003861,0.0,Colombia,Medellín
2020/06/10,739.0,442.0,4.0,293.0,0.10250417607525836,0.06713780918727916,0.0,Colombia,Medellín
2020/06/11,757.0,453.0,4.0,300.0,0.061452590078269816,0.03754266211604096,0.0,Colombia,Medellín
2020/06/12,786.0,473.0,4.0,309.0,0.09669752241796198,0.06666666666666667,0.0,Colombia,Medellín
2020/06/13,819.0,485.0,4.0,330.0,0.10683151190446442,0.038834951456310676,0.0,Colombia,Medellín
2020/06/14,851.0,491.0,5.0,355.0,0.097003185400414,0.01818181818181818,0.0030303030303030303,Colombia,Medellín
2020/06/15,902.0,495.0,6.0,401.0,0.14371352461219467,0.011267605633802818,0.0028169014084507044,Colombia,Medellín
2020/06/16,937.0,499.0,6.0,432.0,0.08731499414915281,0.00997506234413965,0.0,Colombia,Medellín
2020/06/17,975.0,515.0,7.0,453.0,0.08799771945262802,0.037037037037037035,0.0023148148148148147,Colombia,Medellín
2020/06/18,1037.0,541.0,7.0,489.0,0.13692161535256972,0.05739514348785872,0.0,Colombia,Medellín
2020/06/19,1129.0,567.0,7.0,555.0,0.188221335178878,0.053169734151329244,0.0,Colombia,Medellín
2020/06/20,1174.0,594.0,8.0,572.0,0.08111968621853698,0.04864864864864865,0.0018018018018018018,Colombia,Medellín
2020/06/21,1238.0,612.0,10.0,616.0,0.11194350961114514,0.03146853146853147,0.0034965034965034965,Colombia,Medellín
2020/06/22,1278.0,646.0,11.0,621.0,0.06496896898028529,0.05519480519480519,0.0016233766233766235,Colombia,Medellín
2020/06/23,1331.0,675.0,11.0,645.0,0.08539221749828174,0.04669887278582931,0.0,Colombia,Medellín
2020/06/24,1414.0,699.0,16.0,699.0,0.12875440843433963,0.037209302325581395,0.007751937984496124,Colombia,Medellín
2020/06/25,1509.0,718.0,17.0,774.0,0.13598949560360307,0.027181688125894134,0.001430615164520744,Colombia,Medellín
2020/06/26,1628.0,747.0,17.0,864.0,0.15384462805728502,0.037467700258397935,0.0,Colombia,Medellín
2020/06/27,1760.0,762.0,17.0,981.0,0.15288269278701228,0.017361111111111112,0.0,Colombia,Medellín
2020/06/28,1888.0,794.0,17.0,1077.0,0.13057597553162492,0.0326197757390418,0.0,Colombia,Medellín
2020/06/29,1962.0,845.0,18.0,1099.0,0.06876410326734492,0.04735376044568245,0.0009285051067780873,Colombia,Medellín
2020/06/30,2085.0,897.0,20.0,1168.0,0.11201256552143722,0.047315741583257506,0.0018198362147406734,Colombia,Medellín
2020/07/01,2202.0,937.0,23.0,1242.0,0.10025934909277773,0.03424657534246575,0.0025684931506849314,Colombia,Medellín
2020/07/02,2382.0,977.0,28.0,1377.0,0.14506218315170552,0.0322061191626409,0.004025764895330112,Colombia,Medellín
2020/07/03,2527.0,1010.0,32.0,1485.0,0.10540721668469752,0.023965141612200435,0.002904865649963689,Colombia,Medellín
2020/07/04,2758.0,1031.0,35.0,1692.0,0.15572142963407132,0.014141414141414142,0.00202020202020202,Colombia,Medellín
2020/07/05,2924.0,1055.0,36.0,1833.0,0.09822293809897675,0.014184397163120567,0.000591016548463357,Colombia,Medellín
2020/07/06,3152.0,1102.0,42.0,2008.0,0.12453975271265272,0.02564102564102564,0.0032733224222585926,Colombia,Medellín
2020/07/07,3392.0,1146.0,43.0,2203.0,0.11968092660268381,0.021912350597609563,0.00049800796812749,Colombia,Medellín
2020/07/08,3625.0,1188.0,44.0,2393.0,0.10591630712804911,0.019064911484339538,0.00045392646391284613,Colombia,Medellín
2020/07/09,3925.0,1240.0,54.0,2631.0,0.12555750590233353,0.02173004596740493,0.004178854993731718,Colombia,Medellín
2020/07/10,4332.0,1290.0,60.0,2982.0,0.15495039681338466,0.019004180919802355,0.002280501710376283,Colombia,Medellín
2020/07/11,4492.0,1357.0,71.0,3064.0,0.053753421512380294,0.022468142186452045,0.003688799463447351,Colombia,Medellín
2020/07/12,4798.0,1391.0,83.0,3324.0,0.10005891295969045,0.011096605744125326,0.0039164490861618795,Colombia,Medellín
2020/07/13,5026.0,1436.0,99.0,3491.0,0.06873106525693917,0.013537906137184115,0.0048134777376654635,Colombia,Medellín
2020/07/14,5572.0,1482.0,110.0,3980.0,0.1567342329610429,0.013176740189057576,0.003150959610426812,Colombia,Medellín
2020/07/15,6044.0,1541.0,117.0,4386.0,0.11887216531694665,0.014824120603015075,0.0017587939698492463,Colombia,Medellín
2020/07/16,6497.0,1638.0,128.0,4731.0,0.10354698102673457,0.022115823073415412,0.0025079799361605107,Colombia,Medellín
2020/07/17,7096.0,1720.0,140.0,5236.0,0.1269594083687587,0.017332487846121326,0.0025364616360177552,Colombia,Medellín
2020/07/18,7983.0,1815.0,149.0,6019.0,0.16991235900586196,0.018143621084797557,0.0017188693659281895,Colombia,Medellín
2020/07/19,8444.0,2109.0,166.0,6169.0,0.07684939758490035,0.0488453231433793,0.002824389433460708,Colombia,Medellín
2020/07/20,9135.0,2222.0,176.0,6737.0,0.11241178638864362,0.018317393418706435,0.0016210082671421625,Colombia,Medellín
2020/07/21,10136.0,2402.0,196.0,7538.0,0.14915680496290804,0.026718123793973578,0.0029686804215526197,Colombia,Medellín
2020/07/22,10763.0,2510.0,213.0,8040.0,0.08353547501916483,0.01432740780047758,0.0022552401167418414,Colombia,Medellín
2020/07/23,11228.0,2724.0,229.0,8275.0,0.058099411528478605,0.02661691542288557,0.001990049751243781,Colombia,Medellín
2020/07/24,12018.0,3009.0,243.0,8766.0,0.09592226842327486,0.03444108761329305,0.0016918429003021148,Colombia,Medellín
2020/07/25,12781.0,3237.0,254.0,9290.0,0.08748402542809498,0.026009582477754964,0.0012548482774355464,Colombia,Medellín
2020/07/26,13373.0,3458.0,274.0,9641.0,0.06406961185797862,0.023789020452099033,0.002152852529601722,Colombia,Medellín
2020/07/27,14604.0,3745.0,285.0,10574.0,0.12840769390859758,0.02976869619334094,0.0011409604812778757,Colombia,Medellín
2020/07/28,15278.0,4113.0,314.0,10851.0,0.06413607207134671,0.03480234537544921,0.002742576130130509,Colombia,Medellín
2020/07/29,16221.0,4541.0,337.0,11343.0,0.08746773214847922,0.039443369274721224,0.0021196203114920284,Colombia,Medellín
2020/07/30,17071.0,4863.0,356.0,11852.0,0.07545199308940902,0.02838755179405801,0.0016750418760469012,Colombia,Medellín
2020/07/31,18177.0,5336.0,375.0,12466.0,0.09399395265497905,0.03990887613904826,0.001603104961187985,Colombia,Medellín
2020/08/01,19757.0,5820.0,401.0,13536.0,0.12772337336878042,0.038825605647360824,0.00208567303064335,Colombia,Medellín
2020/08/02,20984.0,6292.0,421.0,14271.0,0.09140842153923198,0.03486997635933806,0.0014775413711583924,Colombia,Medellín
2020/08/03,22638.0,7074.0,440.0,15124.0,0.11693369138975718,0.05479644033354355,0.0013313713124518253,Colombia,Medellín
2020/08/04,23292.0,7718.0,460.0,15114.0,0.043659146592069584,0.042581327691087016,0.0013224014810896587,Colombia,Medellín
2020/08/05,24113.0,8513.0,475.0,15125.0,0.05485911507493302,0.05260023818975784,0.0009924573243350536,Colombia,Medellín
2020/08/06,24908.0,9248.0,502.0,15158.0,0.05310172366861064,0.04859504132231405,0.0017851239669421488,Colombia,Medellín
2020/08/07,26124.0,10094.0,522.0,15508.0,0.08107288030507856,0.055812112415886,0.0013194352816994325,Colombia,Medellín
2020/08/08,27028.0,10827.0,548.0,15653.0,0.05894155617933232,0.04726592726334795,0.0016765540366262574,Colombia,Medellín
2020/08/09,28034.0,12228.0,577.0,15229.0,0.06500948452764109,0.08950360953171915,0.0018526799974445793,Colombia,Medellín
2020/08/10,29661.0,13150.0,595.0,15916.0,0.10811322453703504,0.06054238623678508,0.0011819554796769322,Colombia,Medellín
2020/08/11,30763.0,13732.0,612.0,16419.0,0.07011514463750843,0.03656697662729329,0.0010681075647147524,Colombia,Medellín
2020/08/12,31721.0,14414.0,634.0,16673.0,0.05911358770154051,0.04153724343748097,0.0013399110786284183,Colombia,Medellín
2020/08/13,32594.0,15490.0,652.0,16452.0,0.053069711144175746,0.06453547651892282,0.0010795897558927607,Colombia,Medellín
2020/08/14,33626.0,16518.0,673.0,16435.0,0.06360177557122113,0.062484804279115,0.001276440554339898,Colombia,Medellín
2020/08/15,34638.0,18061.0,709.0,15868.0,0.0624612464424351,0.0938850015211439,0.0021904472163066626,Colombia,Medellín
2020/08/16,35510.0,19515.0,729.0,15266.0,0.05576761909412226,0.09163095538190068,0.0012603982858583312,Colombia,Medellín
2020/08/17,36128.0,21093.0,747.0,14288.0,0.041097277888091685,0.1033669592558627,0.0011790907899908293,Colombia,Medellín
2020/08/18,37033.0,22188.0,768.0,14077.0,0.06431937966402496,0.07663773796192609,0.0014697648376259798,Colombia,Medellín
2020/08/19,38007.0,23916.0,789.0,13302.0,0.07028810355059399,0.12275342757689849,0.0014917951268025858,Colombia,Medellín
2020/08/20,38434.0,25428.0,809.0,12197.0,0.03262308917590958,0.11366711772665765,0.0015035333032626672,Colombia,Medellín
2020/08/21,39114.0,26479.0,834.0,11801.0,0.056669514256030604,0.08616873001557761,0.002049684348610314,Colombia,Medellín
2020/08/22,40034.0,27326.0,847.0,11861.0,0.07926640682810387,0.07177357851029574,0.0011016015591898993,Colombia,Medellín
2020/08/23,40830.0,28309.0,870.0,11651.0,0.06826265808064705,0.08287665458224433,0.0019391282353933058,Colombia,Medellín
2020/08/24,41359.0,29169.0,888.0,11302.0,0.04619895486748392,0.07381340657454295,0.0015449317655136898,Colombia,Medellín
2020/08/25,41974.0,30247.0,916.0,10811.0,0.055380649304062564,0.0953813484339055,0.002477437621659883,Colombia,Medellín
2020/08/26,43327.0,31174.0,928.0,11225.0,0.12740449725831343,0.08574599944500971,0.0011099805753399315,Colombia,Medellín
2020/08/27,44045.0,31957.0,952.0,11136.0,0.06515430964582801,0.06975501113585746,0.0021380846325167037,Colombia,Medellín
2020/08/28,45060.0,32651.0,973.0,11436.0,0.09287007165860994,0.06232040229885057,0.0018857758620689656,Colombia,Medellín
2020/08/29,45814.0,33558.0,988.0,11268.0,0.06720870523307221,0.07931094788387548,0.0013116474291710388,Colombia,Medellín
2020/08/30,46382.0,34481.0,1006.0,10895.0,0.05140088003953383,0.0819133830315939,0.001597444089456869,Colombia,Medellín
2020/08/31,47304.0,35304.0,1021.0,10979.0,0.08631351164724835,0.0755392381826526,0.0013767783386874712,Colombia,Medellín
2020/09/01,47937.0,36506.0,1023.0,10408.0,0.05882855920060338,0.10948173786319337,0.00018216595318335004,Colombia,Medellín
2020/09/02,48614.0,37330.0,1039.0,10246.0,,,,Colombia,Medellín
2020/09/03,49280.0,38141.0,1054.0,10085.0,,,,Colombia,Medellín
2020/09/04,49936.0,38939.0,1069.0,9927.0,,,,Colombia,Medellín
2020/09/05,50581.0,39725.0,1084.0,9773.0,,,,Colombia,Medellín
2020/09/06,51216.0,40498.0,1099.0,9619.0,,,,Colombia,Medellín
2020/09/07,51841.0,41259.0,1113.0,9468.0,,,,Colombia,Medellín
2020/09/08,52456.0,42008.0,1127.0,9320.0,,,,Colombia,Medellín
2020/09/09,53061.0,42746.0,1141.0,9175.0,,,,Colombia,Medellín
2020/09/10,53656.0,43472.0,1155.0,9030.0,,,,Colombia,Medellín
2020/09/11,54242.0,44187.0,1168.0,8887.0,,,,Colombia,Medellín
2020/09/12,54818.0,44890.0,1181.0,8747.0,,,,Colombia,Medellín
2020/09/13,55385.0,45582.0,1194.0,8609.0,,,,Colombia,Medellín
2020/09/14,55943.0,46263.0,1207.0,8473.0,,,,Colombia,Medellín
2020/09/15,56492.0,46934.0,1220.0,8339.0,,,,Colombia,Medellín
2020/09/16,57032.0,47594.0,1232.0,8206.0,,,,Colombia,Medellín
2020/09/17,57564.0,48243.0,1244.0,8076.0,,,,Colombia,Medellín
2020/09/18,58087.0,48882.0,1256.0,7949.0,,,,Colombia,Medellín
2020/09/19,58602.0,49511.0,1268.0,7823.0,,,,Colombia,Medellín
2020/09/20,59108.0,50130.0,1280.0,7699.0,,,,Colombia,Medellín
2020/09/21,59606.0,50739.0,1291.0,7576.0,,,,Colombia,Medellín
2020/09/22,60096.0,51339.0,1302.0,7455.0,,,,Colombia,Medellín
2020/09/23,60578.0,51929.0,1313.0,7336.0,,,,Colombia,Medellín
2020/09/24,61053.0,52510.0,1324.0,7219.0,,,,Colombia,Medellín
2020/09/25,61520.0,53081.0,1335.0,7104.0,,,,Colombia,Medellín
2020/09/26,61979.0,53643.0,1346.0,6991.0,,,,Colombia,Medellín
2020/09/27,62431.0,54196.0,1356.0,6878.0,,,,Colombia,Medellín
2020/09/28,62876.0,54740.0,1366.0,6769.0,,,,Colombia,Medellín
2020/09/29,63313.0,55276.0,1376.0,6662.0,,,,Colombia,Medellín
2020/09/30,63743.0,55803.0,1386.0,6554.0,,,,Colombia,Medellín
2020/10/01,64166.0,56322.0,1396.0,6449.0,,,,Colombia,Medellín
2020/03/06,1.0,0.0,0.0,1.0,,,,Colombia,Bogotá D.C.
2020/03/11,3.0,0.0,0.0,3.0,2.000000278494592,0.0,0.0,Colombia,Bogotá D.C.
2020/03/12,5.0,0.0,0.0,5.0,0.6666669451613362,0.0,0.0,Colombia,Bogotá D.C.
2020/03/13,6.0,1.0,0.0,5.0,0.2000001392473735,0.2,0.0,Colombia,Bogotá D.C.
2020/03/14,16.0,2.0,0.0,14.0,2.000001670968715,0.2,0.0,Colombia,Bogotá D.C.
2020/03/15,26.0,2.0,0.0,24.0,0.7142873056867063,0.0,0.0,Colombia,Bogotá D.C.
2020/03/16,32.0,2.0,0.0,30.0,0.2500009051105746,0.0,0.0,Colombia,Bogotá D.C.
2020/03/17,39.0,2.0,0.0,37.0,0.23333437305096458,0.0,0.0,Colombia,Bogotá D.C.
2020/03/18,44.0,2.0,0.0,42.0,0.13513586900990246,0.0,0.0,Colombia,Bogotá D.C.
2020/03/19,52.0,2.0,0.0,50.0,0.19047735750813483,0.0,0.0,Colombia,Bogotá D.C.
2020/03/20,79.0,3.0,0.0,76.0,0.5400039100918385,0.02,0.0,Colombia,Bogotá D.C.
2020/03/21,84.0,5.0,0.0,79.0,0.06579019741156986,0.02631578947368421,0.0,Colombia,Bogotá D.C.
2020/03/22,88.0,7.0,0.0,81.0,0.050633503640913805,0.02531645569620253,0.0,Colombia,Bogotá D.C.
2020/03/23,117.0,11.0,0.0,106.0,0.3580290785605474,0.04938271604938271,0.0,Colombia,Bogotá D.C.
2020/03/24,158.0,14.0,0.0,144.0,0.38679875452894696,0.02830188679245283,0.0,Colombia,Bogotá D.C.
2020/03/25,172.0,14.0,1.0,157.0,0.09722436126217066,0.0,0.006944444444444444,Colombia,Bogotá D.C.
2020/03/26,179.0,21.0,3.0,155.0,0.04458705514481833,0.044585987261146494,0.012738853503184714,Colombia,Bogotá D.C.
2020/03/27,217.0,31.0,3.0,183.0,0.24516740118441296,0.06451612903225806,0.0,Colombia,Bogotá D.C.
2020/03/28,255.0,39.0,6.0,210.0,0.20765654791114418,0.04371584699453552,0.01639344262295082,Colombia,Bogotá D.C.
2020/03/29,288.0,48.0,7.0,233.0,0.15714843717829008,0.04285714285714286,0.004761904761904762,Colombia,Bogotá D.C.
2020/03/30,343.0,58.0,8.0,277.0,0.2360609689498674,0.04291845493562232,0.004291845493562232,Colombia,Bogotá D.C.
2020/03/31,383.0,63.0,10.0,310.0,0.14441122947251445,0.018050541516245487,0.007220216606498195,Colombia,Bogotá D.C.
2020/04/01,464.0,78.0,11.0,375.0,0.26130425838277155,0.04838709677419355,0.0032258064516129032,Colombia,Bogotá D.C.
2020/04/02,532.0,93.0,15.0,424.0,0.18134505017055413,0.04,0.010666666666666666,Colombia,Bogotá D.C.
2020/04/03,576.0,109.0,20.0,447.0,0.1037812729757785,0.03773584905660377,0.01179245283018868,Colombia,Bogotá D.C.
2020/04/04,680.0,115.0,30.0,535.0,0.23268085489473955,0.013422818791946308,0.02237136465324385,Colombia,Bogotá D.C.
2020/04/05,710.0,120.0,34.0,556.0,0.05608007647372486,0.009345794392523364,0.007476635514018692,Colombia,Bogotá D.C.
2020/04/06,761.0,128.0,40.0,593.0,0.09173568820580609,0.014388489208633094,0.01079136690647482,Colombia,Bogotá D.C.
2020/04/07,845.0,133.0,45.0,667.0,0.14166762594645332,0.008431703204047217,0.008431703204047217,Colombia,Bogotá D.C.
2020/04/08,975.0,138.0,47.0,790.0,0.19492548442783705,0.0074962518740629685,0.0029985007496251873,Colombia,Bogotá D.C.
2020/04/09,1011.0,147.0,51.0,813.0,0.04557580790261414,0.01139240506329114,0.005063291139240506,Colombia,Bogotá D.C.
2020/04/10,1099.0,158.0,54.0,887.0,0.10825632262730019,0.013530135301353014,0.0036900369003690036,Colombia,Bogotá D.C.
2020/04/11,1143.0,174.0,59.0,910.0,0.04961300391420572,0.018038331454340473,0.005636978579481398,Colombia,Bogotá D.C.
2020/04/12,1162.0,233.0,60.0,869.0,0.020882444521413003,0.06483516483516484,0.001098901098901099,Colombia,Bogotá D.C.
2020/04/13,1186.0,280.0,64.0,842.0,0.027622421123698254,0.05408515535097814,0.004602991944764097,Colombia,Bogotá D.C.
2020/04/14,1222.0,317.0,70.0,835.0,0.04276240651274683,0.043942992874109264,0.007125890736342043,Colombia,Bogotá D.C.
2020/04/15,1270.0,387.0,73.0,810.0,0.05749481326743243,0.08383233532934131,0.003592814371257485,Colombia,Bogotá D.C.
2020/04/16,1313.0,423.0,77.0,813.0,0.053095809430599036,0.044444444444444446,0.0049382716049382715,Colombia,Bogotá D.C.
2020/04/17,1372.0,435.0,78.0,859.0,0.07258399636082695,0.014760147601476014,0.0012300123001230013,Colombia,Bogotá D.C.
2020/04/18,1458.0,453.0,80.0,925.0,0.10013554505724724,0.020954598370197905,0.002328288707799767,Colombia,Bogotá D.C.
2020/04/19,1577.0,470.0,84.0,1023.0,0.12867477252641565,0.018378378378378378,0.004324324324324324,Colombia,Bogotá D.C.
2020/04/20,1656.0,508.0,88.0,1060.0,0.07724081295577465,0.03714565004887586,0.0039100684261974585,Colombia,Bogotá D.C.
2020/04/21,1730.0,531.0,94.0,1105.0,0.06982742250376947,0.02169811320754717,0.005660377358490566,Colombia,Bogotá D.C.
2020/04/22,1814.0,581.0,95.0,1138.0,0.0760364165521012,0.04524886877828054,0.0009049773755656109,Colombia,Bogotá D.C.
2020/04/23,1861.0,627.0,97.0,1137.0,0.041310962165071845,0.040421792618629174,0.0017574692442882249,Colombia,Bogotá D.C.
2020/04/24,2040.0,660.0,101.0,1279.0,0.15747264550311887,0.029023746701846966,0.003518029903254178,Colombia,Bogotá D.C.
2020/04/25,2129.0,705.0,102.0,1322.0,0.06960538617608779,0.035183737294761534,0.0007818608287724785,Colombia,Bogotá D.C.
2020/04/26,2221.0,740.0,108.0,1373.0,0.06961216503295785,0.0264750378214826,0.0045385779122541605,Colombia,Bogotá D.C.
2020/04/27,2326.0,790.0,111.0,1425.0,0.0764985311049926,0.03641660597232338,0.0021849963583394027,Colombia,Bogotá D.C.
2020/04/28,2390.0,830.0,117.0,1443.0,0.04492683201587534,0.028070175438596492,0.004210526315789474,Colombia,Bogotá D.C.
2020/04/29,2523.0,889.0,123.0,1511.0,0.09219977634602965,0.040887040887040885,0.004158004158004158,Colombia,Bogotá D.C.
2020/04/30,2612.0,922.0,131.0,1559.0,0.0589220903686419,0.02183984116479153,0.005294506949040371,Colombia,Bogotá D.C.
2020/05/01,2759.0,995.0,134.0,1630.0,0.09432551981698557,0.04682488774855677,0.001924310455420141,Colombia,Bogotá D.C.
2020/05/02,2830.0,1067.0,137.0,1626.0,0.04357502300193672,0.044171779141104296,0.0018404907975460123,Colombia,Bogotá D.C.
2020/05/03,2942.0,1121.0,140.0,1681.0,0.06890784330641417,0.033210332103321034,0.0018450184501845018,Colombia,Bogotá D.C.
2020/05/04,3069.0,1208.0,145.0,1716.0,0.0755812307195396,0.05175490779298037,0.00297441998810232,Colombia,Bogotá D.C.
2020/05/05,3262.0,1345.0,147.0,1770.0,0.1125189474308707,0.07983682983682984,0.0011655011655011655,Colombia,Bogotá D.C.
2020/05/06,3462.0,1445.0,154.0,1863.0,0.11304569842146006,0.05649717514124294,0.0039548022598870055,Colombia,Bogotá D.C.
2020/05/07,3592.0,1535.0,157.0,1900.0,0.06981358016922504,0.04830917874396135,0.001610305958132045,Colombia,Bogotá D.C.
2020/05/08,3818.0,1587.0,161.0,2070.0,0.11900689283856054,0.02736842105263158,0.002105263157894737,Colombia,Bogotá D.C.
2020/05/09,4028.0,1676.0,167.0,2185.0,0.10150323916375378,0.042995169082125605,0.002898550724637681,Colombia,Bogotá D.C.
2020/05/10,4156.0,1774.0,174.0,2208.0,0.05861411165155563,0.044851258581235696,0.003203661327231121,Colombia,Bogotá D.C.
2020/05/11,4306.0,1867.0,181.0,2258.0,0.0679741200259884,0.042119565217391304,0.003170289855072464,Colombia,Bogotá D.C.
2020/05/12,4564.0,1920.0,181.0,2463.0,0.11432895894370185,0.023472099202834367,0.0,Colombia,Bogotá D.C.
2020/05/13,4686.0,2019.0,184.0,2483.0,0.04956458924225189,0.040194884287454324,0.001218026796589525,Colombia,Bogotá D.C.
2020/05/14,4895.0,2068.0,186.0,2641.0,0.08422733153720248,0.01973419250906162,0.0008054772452678212,Colombia,Bogotá D.C.
2020/05/15,5010.0,2148.0,193.0,2669.0,0.0435738126613237,0.03029155622870125,0.0026505111700113595,Colombia,Bogotá D.C.
2020/05/16,5287.0,2224.0,197.0,2866.0,0.10385664222523167,0.02847508430123642,0.0014986886474334957,Colombia,Bogotá D.C.
2020/05/17,5528.0,2286.0,200.0,3042.0,0.08415127529682322,0.021632937892533146,0.00104675505931612,Colombia,Bogotá D.C.
2020/05/18,5725.0,2360.0,206.0,3159.0,0.0648099143097435,0.024326101249178174,0.0019723865877712033,Colombia,Bogotá D.C.
2020/05/19,5941.0,2417.0,211.0,3313.0,0.06843062062757749,0.018043684710351376,0.0015827793605571383,Colombia,Bogotá D.C.
2020/05/20,6194.0,2504.0,217.0,3473.0,0.07642905889264129,0.026260187141563536,0.0018110473890733474,Colombia,Bogotá D.C.
2020/05/21,6316.0,2604.0,227.0,3485.0,0.03515845538306859,0.028793550244745177,0.0028793550244745176,Colombia,Bogotá D.C.
2020/05/22,6596.0,2681.0,236.0,3679.0,0.08041505675551919,0.022094691535150646,0.002582496413199426,Colombia,Bogotá D.C.
2020/05/23,6979.0,2743.0,245.0,3991.0,0.10420008136268719,0.01685240554498505,0.002446316933949443,Colombia,Bogotá D.C.
2020/05/24,7217.0,2879.0,250.0,4088.0,0.05969218616705169,0.0340766725131546,0.0012528188423953897,Colombia,Bogotá D.C.
2020/05/25,7394.0,2979.0,254.0,4161.0,0.04334101141387338,0.02446183953033268,0.0009784735812133072,Colombia,Bogotá D.C.
2020/05/26,7751.0,3096.0,262.0,4393.0,0.08588511031498623,0.028118240807498196,0.0019226147560682527,Colombia,Bogotá D.C.
2020/05/27,8056.0,3225.0,268.0,4563.0,0.06950365215092044,0.02936489870248122,0.0013658092419758707,Colombia,Bogotá D.C.
2020/05/28,8546.0,3315.0,272.0,4959.0,0.10750608975867462,0.01972386587771203,0.0008766162612316459,Colombia,Bogotá D.C.
2020/05/29,9173.0,3405.0,283.0,5485.0,0.1265874215555091,0.018148820326678767,0.0022181891510385156,Colombia,Bogotá D.C.
2020/05/30,9651.0,3481.0,290.0,5880.0,0.08725822015841204,0.013855970829535096,0.0012762078395624431,Colombia,Bogotá D.C.
2020/05/31,10002.0,3943.0,301.0,5758.0,0.059774206640833466,0.07857142857142857,0.0018707482993197278,Colombia,Bogotá D.C.
2020/06/01,10386.0,4051.0,309.0,6026.0,0.06678283473239283,0.0187565126780132,0.0013893713094824591,Colombia,Bogotá D.C.
2020/06/02,10757.0,4423.0,315.0,6019.0,0.06165571283333465,0.061732492532359774,0.0009956853634251576,Colombia,Bogotá D.C.
2020/06/03,11262.0,4765.0,324.0,6173.0,0.08402684260449225,0.05682006977903306,0.0014952649941850807,Colombia,Bogotá D.C.
2020/06/04,11799.0,4946.0,335.0,6518.0,0.08712837317608091,0.029321237647821158,0.0017819536692046008,Colombia,Bogotá D.C.
2020/06/05,12202.0,5216.0,349.0,6637.0,0.06193053237530202,0.041423749616446764,0.0021478981282602025,Colombia,Bogotá D.C.
2020/06/06,12579.0,5372.0,358.0,6849.0,0.05689944992305338,0.023504595449751392,0.0013560343528702728,Colombia,Bogotá D.C.
2020/06/07,12895.0,5646.0,368.0,6881.0,0.04621907929969472,0.04000584026865236,0.0014600671630895022,Colombia,Bogotá D.C.
2020/06/08,13338.0,5889.0,381.0,7068.0,0.06449598588130595,0.0353146345007993,0.0018892602819357651,Colombia,Bogotá D.C.
2020/06/09,13718.0,6087.0,395.0,7236.0,0.05386348043457461,0.02801358234295416,0.0019807583474816073,Colombia,Bogotá D.C.
2020/06/10,14138.0,6516.0,406.0,7216.0,0.05815420356347042,0.059286898839137646,0.0015201768933112217,Colombia,Bogotá D.C.
2020/06/11,14546.0,6725.0,420.0,7401.0,0.056652550585414754,0.028963414634146343,0.0019401330376940134,Colombia,Bogotá D.C.
2020/06/12,14950.0,6970.0,428.0,7552.0,0.05469800826067768,0.03310363464396703,0.001080935008782597,Colombia,Bogotá D.C.
2020/06/13,15469.0,7184.0,438.0,7847.0,0.0688668803559041,0.028336864406779662,0.0013241525423728813,Colombia,Bogotá D.C.
2020/06/14,16048.0,7361.0,457.0,8230.0,0.07394543998586417,0.022556390977443608,0.002421307506053269,Colombia,Bogotá D.C.
2020/06/15,16416.0,7476.0,475.0,8465.0,0.044814603814720785,0.013973268529769137,0.002187120291616039,Colombia,Bogotá D.C.
2020/06/16,16851.0,7648.0,488.0,8715.0,0.05150580477600952,0.020318960425280568,0.0015357353809805079,Colombia,Bogotá D.C.
2020/06/17,17403.0,7931.0,512.0,8960.0,0.0634880424570864,0.03247274813539874,0.002753872633390706,Colombia,Bogotá D.C.
2020/06/18,18189.0,8271.0,521.0,9397.0,0.08793631214078908,0.03794642857142857,0.0010044642857142856,Colombia,Bogotá D.C.
2020/06/19,19230.0,8674.0,538.0,10018.0,0.11106132884072503,0.04288602745557093,0.0018090880068106843,Colombia,Bogotá D.C.
2020/06/20,19757.0,9176.0,550.0,10031.0,0.05274655120680782,0.05010980235575963,0.0011978438810141745,Colombia,Bogotá D.C.
2020/06/21,20699.0,9574.0,572.0,10553.0,0.09416794870311015,0.03967700129598246,0.0021932010766623467,Colombia,Bogotá D.C.
2020/06/22,21532.0,10000.0,592.0,10940.0,0.07916307011288651,0.04036766796171705,0.001895195678953852,Colombia,Bogotá D.C.
2020/06/23,22400.0,10351.0,617.0,11432.0,0.07958046863606714,0.03208409506398537,0.0022851919561243145,Colombia,Bogotá D.C.
2020/06/24,23360.0,10694.0,641.0,12025.0,0.08423755620414092,0.030003498950314907,0.002099370188943317,Colombia,Bogotá D.C.
2020/06/25,24633.0,11246.0,662.0,12725.0,0.10620826183664357,0.045904365904365904,0.0017463617463617464,Colombia,Bogotá D.C.
2020/06/26,25534.0,11633.0,687.0,13214.0,0.07104920530999848,0.030412573673870333,0.0019646365422396855,Colombia,Bogotá D.C.
2020/06/27,27109.0,12030.0,718.0,14361.0,0.1196170695792311,0.03004389284092629,0.0023459966701982744,Colombia,Bogotá D.C.
2020/06/28,27921.0,12499.0,751.0,14671.0,0.05675627019339345,0.032657892904393845,0.002297890119072488,Colombia,Bogotá D.C.
2020/06/29,29314.0,12907.0,776.0,15631.0,0.09531981567240248,0.027809965237543453,0.0017040419875945744,Colombia,Bogotá D.C.
2020/06/30,30031.0,13471.0,808.0,15752.0,0.046058391273494426,0.03608214445652869,0.0020472138698739684,Colombia,Bogotá D.C.
2020/07/01,31430.0,13872.0,837.0,16721.0,0.08918707555410686,0.025457084814626715,0.001841036058913154,Colombia,Bogotá D.C.
2020/07/02,32737.0,14145.0,875.0,17717.0,0.07850877846695768,0.016326774714430954,0.0022725913521918547,Colombia,Bogotá D.C.
2020/07/03,34139.0,14491.0,921.0,18727.0,0.0794954189626121,0.019529265677033357,0.002596376361686516,Colombia,Bogotá D.C.
2020/07/04,35275.0,14908.0,953.0,19414.0,0.0609508233436079,0.02226731457254232,0.0017087627489720725,Colombia,Bogotá D.C.
2020/07/05,36562.0,15282.0,992.0,20288.0,0.06661959831501961,0.01926444833625219,0.00200885958586587,Colombia,Bogotá D.C.
2020/07/06,37648.0,16090.0,1035.0,20523.0,0.05380309994323949,0.039826498422712936,0.0021194794952681386,Colombia,Bogotá D.C.
2020/07/07,39255.0,16514.0,1085.0,21656.0,0.07871504674005073,0.020659747600253374,0.0024362909905959167,Colombia,Bogotá D.C.
2020/07/08,40740.0,16980.0,1129.0,22631.0,0.06894910645515882,0.021518285925378647,0.002031769486516439,Colombia,Bogotá D.C.
2020/07/09,42348.0,17566.0,1197.0,23585.0,0.0714583589827206,0.025893685652423667,0.0030047280279262957,Colombia,Bogotá D.C.
2020/07/10,45055.0,18168.0,1260.0,25627.0,0.11545717379888416,0.025524697901208395,0.002671189315242739,Colombia,Bogotá D.C.
2020/07/11,47540.0,18723.0,1332.0,27485.0,0.09758023906086924,0.021656846294923322,0.002809536816638701,Colombia,Bogotá D.C.
2020/07/12,49658.0,19229.0,1391.0,29038.0,0.07757373850123817,0.018410041841004185,0.0021466254320538477,Colombia,Bogotá D.C.
2020/07/13,51292.0,19887.0,1465.0,29940.0,0.056662902359327465,0.02265996280735588,0.0025483848749913904,Colombia,Bogotá D.C.
2020/07/14,53141.0,20507.0,1537.0,31097.0,0.06220110418926905,0.020708082832331328,0.002404809619238477,Colombia,Bogotá D.C.
2020/07/15,55065.0,21234.0,1624.0,32207.0,0.06233216178562387,0.02337846094478567,0.0027976975270926456,Colombia,Bogotá D.C.
2020/07/16,56838.0,22298.0,1701.0,32839.0,0.05547551125365473,0.03303629645729189,0.0023907846120408607,Colombia,Bogotá D.C.
2020/07/17,58954.0,23355.0,1801.0,33798.0,0.06494962584390332,0.03218733822588995,0.003045159718627242,Colombia,Bogotá D.C.
2020/07/18,60444.0,24484.0,1884.0,34076.0,0.04445034994212031,0.03340434345227528,0.0024557666134090773,Colombia,Bogotá D.C.
2020/07/19,63313.0,25274.0,1949.0,36090.0,0.08490880297156607,0.023183472238525647,0.0019075008803850217,Colombia,Bogotá D.C.
2020/07/20,65646.0,26117.0,2040.0,37489.0,0.06521892636519207,0.023358270989193682,0.0025214740925464116,Colombia,Bogotá D.C.
2020/07/21,67909.0,26750.0,2154.0,39005.0,0.06092125638182534,0.01688495291952306,0.003040891994985196,Colombia,Bogotá D.C.
2020/07/22,70898.0,27520.0,2250.0,41128.0,0.07736275442028064,0.019741058838610433,0.0024612229201384436,Colombia,Bogotá D.C.
2020/07/23,74650.0,29049.0,2361.0,43240.0,0.09213699666131803,0.037176619334759776,0.002698891266290605,Colombia,Bogotá D.C.
2020/07/24,77940.0,31430.0,2466.0,44044.0,0.07688617362637452,0.055064754856614245,0.0024283071230342275,Colombia,Bogotá D.C.
2020/07/25,81235.0,32972.0,2568.0,45695.0,0.07563238527429642,0.03501044410135319,0.0023158659522295884,Colombia,Bogotá D.C.
2020/07/26,84267.0,34583.0,2679.0,47005.0,0.06711214868525266,0.03525549841339315,0.0024291497975708503,Colombia,Bogotá D.C.
2020/07/27,86908.0,37310.0,2782.0,46816.0,0.056852617970659325,0.05801510477608765,0.002191256249335177,Colombia,Bogotá D.C.
2020/07/28,91461.0,40060.0,2878.0,48523.0,0.09844442094807603,0.0587406015037594,0.002050580997949419,Colombia,Bogotá D.C.
2020/07/29,95244.0,42130.0,2990.0,50124.0,0.07896874976682816,0.042660181769470146,0.0023081837479133607,Colombia,Bogotá D.C.
2020/07/30,98259.0,44090.0,3115.0,51054.0,0.060959296648934756,0.03910302449924188,0.0024938153379618546,Colombia,Bogotá D.C.
2020/07/31,101979.0,46377.0,3241.0,52361.0,0.07387480341097563,0.0447957065068359,0.002467975085203902,Colombia,Bogotá D.C.
2020/08/01,104680.0,49192.0,3327.0,52161.0,0.05232725698674298,0.05376138729206852,0.001642443803594278,Colombia,Bogotá D.C.
2020/08/02,109266.0,51761.0,3432.0,54073.0,0.08922060928381818,0.04925135637737007,0.002012998217058722,Colombia,Bogotá D.C.
2020/08/03,111570.0,54087.0,3550.0,53933.0,0.04326737837828598,0.04301592291901688,0.002182235126588131,Colombia,Bogotá D.C.
2020/08/04,113833.0,55758.0,3655.0,54420.0,0.04262163014546033,0.030982886173585744,0.001946859992954221,Colombia,Bogotá D.C.
2020/08/05,118085.0,57237.0,3766.0,57082.0,0.07939146834662861,0.027177508269018744,0.002039691289966924,Colombia,Bogotá D.C.
2020/08/06,124153.0,58351.0,3863.0,61939.0,0.10808038019708838,0.019515784310290458,0.001699309764899618,Colombia,Bogotá D.C.
2020/08/07,126784.0,59981.0,3975.0,62828.0,0.04322454046429515,0.026316214339915076,0.001808230678570852,Colombia,Bogotá D.C.
2020/08/08,130274.0,61497.0,4091.0,64686.0,0.0565467768416147,0.02412936907111479,0.0018463105621697332,Colombia,Bogotá D.C.
2020/08/09,133671.0,63024.0,4188.0,66459.0,0.05348546985948601,0.02360634449494481,0.0014995516804254397,Colombia,Bogotá D.C.
2020/08/10,137057.0,65402.0,4275.0,67380.0,0.051915016165932915,0.03578145924554989,0.0013090777772762155,Colombia,Bogotá D.C.
2020/08/11,142019.0,70146.0,4377.0,67496.0,0.07507481923608215,0.07040664885722767,0.0015138023152270704,Colombia,Bogotá D.C.
2020/08/12,146141.0,75414.0,4460.0,66267.0,0.06230236214361816,0.0780490695744933,0.0012297025008889415,Colombia,Bogotá D.C.
2020/08/13,149982.0,80629.0,4546.0,64807.0,0.05916650792904369,0.07869678723950081,0.001297780192252554,Colombia,Bogotá D.C.
2020/08/14,154488.0,83736.0,4620.0,66132.0,0.07101259470402214,0.04794235190642986,0.0011418519604363725,Colombia,Bogotá D.C.
2020/08/15,158711.0,87125.0,4695.0,66891.0,0.06526103170110013,0.051245992862759326,0.001134095445472691,Colombia,Bogotá D.C.
2020/08/16,163338.0,91664.0,4775.0,66899.0,0.07073549514098924,0.06785666233125533,0.00119597554230016,Colombia,Bogotá D.C.
2020/08/17,166719.0,96561.0,4849.0,65309.0,0.051715099473833265,0.07319989835423549,0.0011061450843809324,Colombia,Bogotá D.C.
2020/08/18,171371.0,101101.0,4947.0,65323.0,0.07292354362288857,0.06951568696504311,0.0015005588816242785,Colombia,Bogotá D.C.
2020/08/19,176386.0,105888.0,5034.0,65464.0,0.07864914691638661,0.07328199868346524,0.0013318433017467048,Colombia,Bogotá D.C.
2020/08/20,179600.0,108805.0,5111.0,65684.0,0.05033190160998769,0.044558841500672124,0.001176218990590248,Colombia,Bogotá D.C.
2020/08/21,181835.0,111375.0,5187.0,65273.0,0.034899342421303284,0.03912672797028196,0.001157054990560867,Colombia,Bogotá D.C.
2020/08/22,186102.0,114665.0,5264.0,66173.0,0.06706980246717899,0.050403689121076095,0.0011796608092166745,Colombia,Bogotá D.C.
2020/08/23,188276.0,121428.0,5324.0,61524.0,0.03372729426398629,0.10220180436129539,0.000906714218790141,Colombia,Bogotá D.C.
2020/08/24,192703.0,124986.0,5394.0,62323.0,0.07389290394935938,0.05783109030622196,0.0011377673753332034,Colombia,Bogotá D.C.
2020/08/25,195189.0,128491.0,5484.0,61214.0,0.04098883401483817,0.05623926961153988,0.0014440896619225647,Colombia,Bogotá D.C.
2020/08/26,199366.0,132349.0,5552.0,61465.0,0.07014246411407378,0.06302479824876663,0.0011108569934982194,Colombia,Bogotá D.C.
2020/08/27,201885.0,135824.0,5635.0,60426.0,0.042152886624619613,0.05653624013666314,0.0013503619946310908,Colombia,Bogotá D.C.
2020/08/28,204067.0,141250.0,5687.0,57130.0,0.03715477636393567,0.08979578327210141,0.0008605567139972859,Colombia,Bogotá D.C.
2020/08/29,207405.0,145462.0,5753.0,56190.0,0.06013698531593334,0.07372658848240854,0.0011552599334850341,Colombia,Bogotá D.C.
2020/08/30,209251.0,148653.0,5804.0,54794.0,0.03382984641976965,0.056789464317494216,0.0009076348104644955,Colombia,Bogotá D.C.
2020/08/31,211300.0,151176.0,5843.0,54281.0,0.03851689639668961,0.04604518742928058,0.000711756761689236,Colombia,Bogotá D.C.
2020/09/01,213631.0,155510.0,5844.0,52277.0,0.044245022012366506,0.07984377590685507,1.8422652493506014e-05,Colombia,Bogotá D.C.
2020/09/02,216463.0,158667.0,5905.0,51891.0,,,,Colombia,Bogotá D.C.
2020/09/03,219273.0,161801.0,5966.0,51506.0,,,,Colombia,Bogotá D.C.
2020/09/04,222061.0,164912.0,6026.0,51123.0,,,,Colombia,Bogotá D.C.
2020/09/05,224827.0,167999.0,6086.0,50742.0,,,,Colombia,Bogotá D.C.
2020/09/06,227571.0,171063.0,6145.0,50363.0,,,,Colombia,Bogotá D.C.
2020/09/07,230294.0,174105.0,6204.0,49985.0,,,,Colombia,Bogotá D.C.
2020/09/08,232995.0,177124.0,6262.0,49609.0,,,,Colombia,Bogotá D.C.
2020/09/09,235675.0,180120.0,6320.0,49235.0,,,,Colombia,Bogotá D.C.
2020/09/10,238334.0,183093.0,6378.0,48863.0,,,,Colombia,Bogotá D.C.
2020/09/11,240972.0,186044.0,6435.0,48493.0,,,,Colombia,Bogotá D.C.
2020/09/12,243589.0,188973.0,6492.0,48124.0,,,,Colombia,Bogotá D.C.
2020/09/13,246185.0,191879.0,6548.0,47757.0,,,,Colombia,Bogotá D.C.
2020/09/14,248760.0,194763.0,6604.0,47393.0,,,,Colombia,Bogotá D.C.
2020/09/15,251315.0,197625.0,6659.0,47030.0,,,,Colombia,Bogotá D.C.
2020/09/16,253849.0,200465.0,6714.0,46670.0,,,,Colombia,Bogotá D.C.
2020/09/17,256363.0,203284.0,6769.0,46311.0,,,,Colombia,Bogotá D.C.
2020/09/18,258856.0,206081.0,6823.0,45952.0,,,,Colombia,Bogotá D.C.
2020/09/19,261329.0,208856.0,6877.0,45596.0,,,,Colombia,Bogotá D.C.
2020/09/20,263782.0,211610.0,6930.0,45242.0,,,,Colombia,Bogotá D.C.
2020/09/21,266215.0,214342.0,6983.0,44890.0,,,,Colombia,Bogotá D.C.
2020/09/22,268629.0,217053.0,7035.0,44540.0,,,,Colombia,Bogotá D.C.
2020/09/23,271023.0,219743.0,7087.0,44193.0,,,,Colombia,Bogotá D.C.
2020/09/24,273397.0,222412.0,7139.0,43847.0,,,,Colombia,Bogotá D.C.
2020/09/25,275752.0,225060.0,7190.0,43502.0,,,,Colombia,Bogotá D.C.
2020/09/26,278088.0,227687.0,7241.0,43160.0,,,,Colombia,Bogotá D.C.
2020/09/27,280405.0,230294.0,7291.0,42819.0,,,,Colombia,Bogotá D.C.
2020/09/28,282702.0,232880.0,7341.0,42481.0,,,,Colombia,Bogotá D.C.
2020/09/29,284981.0,235446.0,7391.0,42144.0,,,,Colombia,Bogotá D.C.
2020/09/30,287241.0,237991.0,7440.0,41809.0,,,,Colombia,Bogotá D.C.
2020/10/01,289482.0,240516.0,7489.0,41477.0,,,,Colombia,Bogotá D.C.
2020/03/13,1.0,0.0,0.0,1.0,,,,Colombia,Cali
2020/03/16,3.0,0.0,0.0,3.0,2.0000010971721487,0.0,0.0,Colombia,Cali
2020/03/17,8.0,0.0,0.0,8.0,1.6666694096000474,0.0,0.0,Colombia,Cali
2020/03/20,9.0,0.0,0.0,9.0,0.12500054858818088,0.0,0.0,Colombia,Cali
2020/03/21,15.0,0.0,0.0,15.0,0.6666699581975577,0.0,0.0,Colombia,Cali
2020/03/22,19.0,0.0,0.0,19.0,0.26666886102781684,0.0,0.0,Colombia,Cali
2020/03/23,22.0,1.0,0.0,21.0,0.1578963826165793,0.05263157894736842,0.0,Colombia,Cali
2020/03/24,45.0,1.0,0.0,44.0,1.0952513137024509,0.0,0.0,Colombia,Cali
2020/03/25,46.0,1.0,2.0,43.0,0.02272783379475523,0.0,0.045454545454545456,Colombia,Cali
2020/03/26,48.0,3.0,2.0,43.0,0.04651280165499491,0.046511627906976744,0.0,Colombia,Cali
2020/03/28,56.0,7.0,2.0,47.0,0.1860514107554451,0.09302325581395349,0.0,Colombia,Cali
2020/03/29,63.0,7.0,2.0,54.0,0.14894074579212155,0.0,0.0,Colombia,Cali
2020/03/30,70.0,8.0,3.0,59.0,0.12963410990162055,0.018518518518518517,0.018518518518518517,Colombia,Cali
2020/03/31,78.0,11.0,4.0,63.0,0.13559842745475595,0.05084745762711865,0.01694915254237288,Colombia,Cali
2020/04/01,101.0,12.0,4.0,85.0,0.3650949873808117,0.015873015873015872,0.0,Colombia,Cali
2020/04/02,103.0,14.0,4.0,85.0,0.023530715534899476,0.023529411764705882,0.0,Colombia,Cali
2020/04/03,116.0,15.0,5.0,96.0,0.15294981879833436,0.011764705882352941,0.011764705882352941,Colombia,Cali
2020/04/04,130.0,16.0,7.0,107.0,0.14584261416659305,0.010416666666666666,0.020833333333333332,Colombia,Cali
2020/04/05,144.0,17.0,7.0,120.0,0.13085045324594768,0.009345794392523364,0.0,Colombia,Cali
2020/04/06,153.0,19.0,9.0,125.0,0.07500592519442044,0.016666666666666666,0.016666666666666666,Colombia,Cali
2020/04/07,166.0,20.0,9.0,137.0,0.10400872982955106,0.008,0.0,Colombia,Cali
2020/04/08,237.0,20.0,9.0,208.0,0.5182953738742491,0.0,0.0,Colombia,Cali
2020/04/09,268.0,28.0,10.0,230.0,0.14905784126809682,0.038461538461538464,0.004807692307692308,Colombia,Cali
2020/04/10,331.0,30.0,10.0,291.0,0.2739533203658804,0.008695652173913044,0.0,Colombia,Cali
2020/04/11,376.0,31.0,10.0,335.0,0.15466726003127867,0.003436426116838488,0.0,Colombia,Cali
2020/04/12,382.0,36.0,14.0,332.0,0.017914142880109826,0.014925373134328358,0.011940298507462687,Colombia,Cali
2020/04/13,387.0,43.0,15.0,329.0,0.015063397645932272,0.02108433734939759,0.0030120481927710845,Colombia,Cali
2020/04/14,399.0,50.0,17.0,332.0,0.036481909341383865,0.02127659574468085,0.0060790273556231,Colombia,Cali
2020/04/15,414.0,53.0,20.0,341.0,0.045190614471912575,0.009036144578313253,0.009036144578313253,Colombia,Cali
2020/04/16,432.0,60.0,24.0,348.0,0.05279791492625103,0.020527859237536656,0.011730205278592375,Colombia,Cali
2020/04/17,462.0,65.0,25.0,372.0,0.08622733148544769,0.014367816091954023,0.0028735632183908046,Colombia,Cali
2020/04/18,474.0,69.0,28.0,377.0,0.03226624228641111,0.010752688172043012,0.008064516129032258,Colombia,Cali
2020/04/19,483.0,80.0,31.0,372.0,0.0238788882642069,0.029177718832891247,0.007957559681697613,Colombia,Cali
2020/04/20,521.0,91.0,33.0,397.0,0.1021776113222428,0.02956989247311828,0.005376344086021506,Colombia,Cali
2020/04/21,545.0,113.0,34.0,398.0,0.06047068382269573,0.055415617128463476,0.0025188916876574307,Colombia,Cali
2020/04/22,568.0,120.0,36.0,412.0,0.05780622758598196,0.017587939698492462,0.005025125628140704,Colombia,Cali
2020/04/23,601.0,127.0,38.0,436.0,0.08012205314754013,0.01699029126213592,0.0048543689320388345,Colombia,Cali
2020/04/24,618.0,137.0,38.0,443.0,0.03900368520502619,0.022935779816513763,0.0,Colombia,Cali
2020/04/25,634.0,154.0,38.0,442.0,0.03612963037419476,0.03837471783295711,0.0,Colombia,Cali
2020/04/26,653.0,171.0,39.0,443.0,0.04300138136516185,0.038461538461538464,0.0022624434389140274,Colombia,Cali
2020/04/27,659.0,177.0,41.0,441.0,0.013548871623686511,0.013544018058690745,0.004514672686230248,Colombia,Cali
2020/04/28,688.0,197.0,42.0,449.0,0.06578341907992638,0.045351473922902494,0.0022675736961451248,Colombia,Cali
2020/04/29,708.0,206.0,45.0,457.0,0.044560248085388374,0.0200445434298441,0.0066815144766146995,Colombia,Cali
2020/04/30,745.0,211.0,46.0,488.0,0.08099425894238159,0.010940919037199124,0.002188183807439825,Colombia,Cali
2020/05/01,793.0,225.0,46.0,522.0,0.09840087181988406,0.028688524590163935,0.0,Colombia,Cali
2020/05/02,834.0,235.0,47.0,552.0,0.07857824508020446,0.019157088122605363,0.0019157088122605363,Colombia,Cali
2020/05/03,836.0,246.0,47.0,543.0,0.0036248468476659103,0.019927536231884056,0.0,Colombia,Cali
2020/05/04,862.0,257.0,50.0,555.0,0.04790410595112879,0.020257826887661142,0.0055248618784530384,Colombia,Cali
2020/05/05,890.0,289.0,50.0,551.0,0.050474318793595284,0.05765765765765766,0.0,Colombia,Cali
2020/05/06,929.0,312.0,52.0,565.0,0.07081497407175556,0.041742286751361164,0.003629764065335753,Colombia,Cali
2020/05/07,967.0,320.0,54.0,593.0,0.06729093106142524,0.01415929203539823,0.0035398230088495575,Colombia,Cali
2020/05/08,1003.0,346.0,55.0,602.0,0.06074048482990858,0.04384485666104553,0.0016863406408094434,Colombia,Cali
2020/05/09,1054.0,374.0,56.0,624.0,0.0847642479353057,0.046511627906976744,0.0016611295681063123,Colombia,Cali
2020/05/10,1064.0,395.0,58.0,611.0,0.016034912562894275,0.03365384615384615,0.003205128205128205,Colombia,Cali
2020/05/11,1090.0,415.0,62.0,613.0,0.04257804409199738,0.03273322422258593,0.006546644844517185,Colombia,Cali
2020/05/12,1117.0,440.0,63.0,614.0,0.04407203024315206,0.040783034257748776,0.0016313213703099511,Colombia,Cali
2020/05/13,1169.0,475.0,65.0,629.0,0.08474248142243655,0.057003257328990226,0.003257328990228013,Colombia,Cali
2020/05/14,1233.0,493.0,69.0,671.0,0.1018141006849679,0.028616852146263912,0.006359300476947536,Colombia,Cali
2020/05/15,1272.0,503.0,69.0,700.0,0.05816154649724323,0.014903129657228018,0.0,Colombia,Cali
2020/05/16,1333.0,536.0,69.0,728.0,0.08720370798653207,0.047142857142857146,0.0,Colombia,Cali
2020/05/17,1403.0,552.0,71.0,780.0,0.09622421153609667,0.02197802197802198,0.0027472527472527475,Colombia,Cali
2020/05/18,1428.0,567.0,74.0,787.0,0.03207596982954305,0.019230769230769232,0.0038461538461538464,Colombia,Cali
2020/05/19,1508.0,578.0,76.0,854.0,0.10173153694031913,0.01397712833545108,0.0025412960609911056,Colombia,Cali
2020/05/20,1574.0,594.0,82.0,898.0,0.07734735931000729,0.01873536299765808,0.00702576112412178,Colombia,Cali
2020/05/21,1631.0,612.0,83.0,936.0,0.06352924337819273,0.0200445434298441,0.0011135857461024498,Colombia,Cali
2020/05/22,1736.0,632.0,86.0,1018.0,0.11227994892231802,0.021367521367521368,0.003205128205128205,Colombia,Cali
2020/05/23,1816.0,657.0,88.0,1071.0,0.07866037349531119,0.02455795677799607,0.0019646365422396855,Colombia,Cali
2020/05/24,1905.0,680.0,94.0,1131.0,0.08318277595296732,0.021475256769374416,0.0056022408963585435,Colombia,Cali
2020/05/25,1949.0,712.0,98.0,1139.0,0.038944324106128136,0.028293545534924844,0.0035366931918656055,Colombia,Cali
2020/05/26,2084.0,744.0,102.0,1238.0,0.11865188379242038,0.028094820017559263,0.003511852502194908,Colombia,Cali
2020/05/27,2196.0,766.0,106.0,1324.0,0.09057204431561573,0.017770597738287562,0.0032310177705977385,Colombia,Cali
2020/05/28,2306.0,797.0,111.0,1398.0,0.08318177961758748,0.023413897280966767,0.0037764350453172208,Colombia,Cali
2020/05/29,2402.0,826.0,117.0,1459.0,0.06875650754632971,0.02074391988555079,0.004291845493562232,Colombia,Cali
2020/05/30,2546.0,849.0,122.0,1575.0,0.09882796408430705,0.015764222069910898,0.003427004797806717,Colombia,Cali
2020/05/31,2611.0,975.0,126.0,1510.0,0.04132756345204356,0.08,0.0025396825396825397,Colombia,Cali
2020/06/01,2691.0,998.0,129.0,1564.0,0.053056127790457534,0.015231788079470199,0.001986754966887417,Colombia,Cali
2020/06/02,2770.0,1074.0,133.0,1563.0,0.05058618652172572,0.04859335038363171,0.0025575447570332483,Colombia,Cali
2020/06/03,2900.0,1113.0,136.0,1651.0,0.08329996569474324,0.02495201535508637,0.0019193857965451055,Colombia,Cali
2020/06/04,2982.0,1164.0,138.0,1680.0,0.04974600942835463,0.030890369473046637,0.0012113870381586917,Colombia,Cali
2020/06/05,3098.0,1213.0,141.0,1744.0,0.06916075794030854,0.029166666666666667,0.0017857142857142857,Colombia,Cali
2020/06/06,3221.0,1262.0,147.0,1812.0,0.07064758983763453,0.02809633027522936,0.0034403669724770644,Colombia,Cali
2020/06/07,3268.0,1350.0,151.0,1767.0,0.02598410362082692,0.04856512141280353,0.002207505518763797,Colombia,Cali
2020/06/08,3434.0,1445.0,159.0,1830.0,0.09411326298256198,0.053763440860215055,0.004527447651386531,Colombia,Cali
2020/06/09,3550.0,1492.0,162.0,1896.0,0.06350761655561692,0.025683060109289616,0.001639344262295082,Colombia,Cali
2020/06/10,3661.0,1572.0,163.0,1926.0,0.05865854010153653,0.04219409282700422,0.0005274261603375527,Colombia,Cali
2020/06/11,3882.0,1615.0,165.0,2102.0,0.11497650235552849,0.02232606438213915,0.0010384215991692627,Colombia,Cali
2020/06/12,3992.0,1689.0,170.0,2133.0,0.05244279592666308,0.035204567078972404,0.002378686964795433,Colombia,Cali
2020/06/13,4136.0,1740.0,173.0,2223.0,0.06765871803093303,0.02390998593530239,0.0014064697609001407,Colombia,Cali
2020/06/14,4297.0,1783.0,181.0,2333.0,0.07258935303965032,0.019343229869545658,0.003598740440845704,Colombia,Cali
2020/06/15,4475.0,1801.0,183.0,2491.0,0.07647689071677469,0.007715387912558937,0.0008572653236176596,Colombia,Cali
2020/06/16,4603.0,1838.0,190.0,2575.0,0.051511442488607784,0.014853472501003613,0.0028101164191087916,Colombia,Cali
2020/06/17,4771.0,1925.0,196.0,2650.0,0.06540788252766033,0.03378640776699029,0.002330097087378641,Colombia,Cali
2020/06/18,4993.0,1998.0,200.0,2795.0,0.08399342111558135,0.027547169811320753,0.0015094339622641509,Colombia,Cali
2020/06/19,5158.0,2133.0,205.0,2820.0,0.05919613272870207,0.04830053667262969,0.0017889087656529517,Colombia,Cali
2020/06/20,5318.0,2247.0,216.0,2855.0,0.05689858920882456,0.04042553191489362,0.003900709219858156,Colombia,Cali
2020/06/21,5521.0,2353.0,224.0,2944.0,0.07131136979849063,0.03712784588441331,0.0028021015761821367,Colombia,Cali
2020/06/22,5629.0,2440.0,228.0,2961.0,0.036796228894592796,0.029551630434782608,0.001358695652173913,Colombia,Cali
2020/06/23,5819.0,2537.0,235.0,3047.0,0.06436627334053265,0.03275920297196893,0.002364066193853428,Colombia,Cali
2020/06/24,6135.0,2640.0,243.0,3252.0,0.10404068662706434,0.03380374138496882,0.002625533311453889,Colombia,Cali
2020/06/25,6418.0,2774.0,249.0,3395.0,0.08731724285147895,0.04120541205412054,0.0018450184501845018,Colombia,Cali
2020/06/26,6627.0,2910.0,257.0,3460.0,0.06177863094829087,0.04005891016200295,0.00235640648011782,Colombia,Cali
2020/06/27,6894.0,3019.0,263.0,3612.0,0.07744919489574525,0.0315028901734104,0.0017341040462427746,Colombia,Cali
2020/06/28,7023.0,3244.0,265.0,3514.0,0.03584986813459122,0.06229235880398671,0.0005537098560354374,Colombia,Cali
2020/06/29,7115.0,3342.0,274.0,3499.0,0.026282248412959577,0.027888446215139442,0.0025611838360842347,Colombia,Cali
2020/06/30,7373.0,3532.0,282.0,3559.0,0.07402428363708664,0.0543012289225493,0.002286367533581023,Colombia,Cali
2020/07/01,7796.0,3636.0,293.0,3867.0,0.11933629280184771,0.029221691486372575,0.0030907558302894073,Colombia,Cali
2020/07/02,8096.0,3762.0,299.0,4035.0,0.07791273421660647,0.032583397982932506,0.0015515903801396431,Colombia,Cali
2020/07/03,8343.0,3860.0,312.0,4171.0,0.06148746158892133,0.024287484510532836,0.00322180916976456,Colombia,Cali
2020/07/04,8722.0,3949.0,321.0,4452.0,0.09128328990655575,0.021337808678973866,0.002157755933828818,Colombia,Cali
2020/07/05,8864.0,4069.0,333.0,4462.0,0.03204912471268027,0.026954177897574125,0.0026954177897574125,Colombia,Cali
2020/07/06,9044.0,4226.0,343.0,4475.0,0.040537776011051206,0.035186015239802776,0.0022411474675033617,Colombia,Cali
2020/07/07,9308.0,4356.0,363.0,4589.0,0.059288568287625146,0.02905027932960894,0.004469273743016759,Colombia,Cali
2020/07/08,9621.0,4555.0,376.0,4690.0,0.06855664740136605,0.04336456744388756,0.0028328611898017,Colombia,Cali
2020/07/09,10017.0,4782.0,384.0,4851.0,0.0848829755854057,0.048400852878464816,0.0017057569296375266,Colombia,Cali
2020/07/10,10471.0,4957.0,396.0,5118.0,0.09410608093299391,0.03607503607503607,0.0024737167594310453,Colombia,Cali
2020/07/11,10688.0,5145.0,404.0,5139.0,0.04264433411516936,0.03673309886674482,0.0015631105900742479,Colombia,Cali
2020/07/12,10882.0,5285.0,419.0,5178.0,0.03797318270645019,0.027242654212881884,0.002918855808523059,Colombia,Cali
2020/07/13,11115.0,5463.0,429.0,5223.0,0.04526830743743982,0.034376207029741215,0.0019312475859405175,Colombia,Cali
2020/07/14,11389.0,5694.0,448.0,5247.0,0.052782112434369526,0.04422745548535324,0.0036377560788818687,Colombia,Cali
2020/07/15,11852.0,5870.0,464.0,5518.0,0.08879568106909995,0.033542976939203356,0.0030493615399275775,Colombia,Cali
2020/07/16,12150.0,6124.0,476.0,5550.0,0.054358504524435226,0.04603117071402682,0.0021747009786154403,Colombia,Cali
2020/07/17,12540.0,6338.0,493.0,5709.0,0.07074178671417117,0.03855855855855856,0.003063063063063063,Colombia,Cali
2020/07/18,13109.0,6546.0,512.0,6051.0,0.10035757859056302,0.03643370117358557,0.003328078472587143,Colombia,Cali
2020/07/19,13281.0,6819.0,530.0,5932.0,0.02863095064071036,0.0451165096678235,0.002974714923153198,Colombia,Cali
2020/07/20,13645.0,7014.0,555.0,6076.0,0.06181245502910442,0.03287255563047876,0.004214430209035738,Colombia,Cali
2020/07/21,13962.0,7188.0,579.0,6195.0,0.05256596192690945,0.028637261356155366,0.003949967083607637,Colombia,Cali
2020/07/22,14586.0,7322.0,603.0,6661.0,0.10150384619976348,0.021630347054075866,0.00387409200968523,Colombia,Cali
2020/07/23,15184.0,7679.0,633.0,6872.0,0.09050046490751541,0.05359555622278937,0.004503828254015914,Colombia,Cali
2020/07/24,15577.0,8086.0,655.0,6836.0,0.05766895802641962,0.05922584400465658,0.0032013969732246797,Colombia,Cali
2020/07/25,15965.0,8425.0,679.0,6861.0,0.057247536764161625,0.049590403744880045,0.003510825043885313,Colombia,Cali
2020/07/26,16487.0,8676.0,697.0,7114.0,0.07675443227005356,0.03658358839819268,0.0026235242675994755,Colombia,Cali
2020/07/27,16909.0,9091.0,724.0,7094.0,0.05986106682451158,0.05833567613157155,0.0037953331459094743,Colombia,Cali
2020/07/28,17446.0,9480.0,749.0,7217.0,0.07640652248315062,0.0548350718917395,0.0035241048773611504,Colombia,Cali
2020/07/29,17765.0,9909.0,770.0,7086.0,0.0446283125821346,0.05944298184841347,0.002909796314258002,Colombia,Cali
2020/07/30,18467.0,10308.0,793.0,7366.0,0.10004357321869724,0.0563082133784928,0.003245836861416878,Colombia,Cali
2020/07/31,19041.0,10738.0,815.0,7488.0,0.07872312714656077,0.05837632364919902,0.002986695628563671,Colombia,Cali
2020/08/01,19827.0,11126.0,837.0,7864.0,0.10607597825931211,0.05181623931623932,0.002938034188034188,Colombia,Cali
2020/08/02,20325.0,11443.0,859.0,8023.0,0.06402291647969459,0.04031027466937945,0.002797558494404883,Colombia,Cali
2020/08/03,21101.0,11741.0,877.0,8483.0,0.09781253480165913,0.037143213261872116,0.002243549794341269,Colombia,Cali
2020/08/04,21461.0,12173.0,896.0,8392.0,0.042934817740571125,0.050925380172108924,0.0022397736649770127,Colombia,Cali
2020/08/05,22280.0,12748.0,915.0,8617.0,0.09875561520039929,0.06851763584366063,0.0022640610104861774,Colombia,Cali
2020/08/06,23179.0,13174.0,939.0,9066.0,0.10561958711942024,0.04943715910409655,0.0027851920622026225,Colombia,Cali
2020/08/07,23697.0,13547.0,963.0,9187.0,0.05787244099937073,0.04114273108316788,0.0026472534745201853,Colombia,Cali
2020/08/08,24086.0,13928.0,991.0,9167.0,0.04290013517244383,0.041471644715358656,0.0030477849134646785,Colombia,Cali
2020/08/09,24764.0,14447.0,1011.0,9306.0,0.07495129610879298,0.0566161230500709,0.0021817388458601505,Colombia,Cali
2020/08/10,25026.0,14997.0,1034.0,8995.0,0.02854162223880474,0.0591016548463357,0.0024715237481194928,Colombia,Cali
2020/08/11,25711.0,15293.0,1058.0,9360.0,0.0772134752298998,0.03290717065036131,0.0026681489716509172,Colombia,Cali
2020/08/12,27363.0,15644.0,1074.0,10645.0,0.1790207585874689,0.0375,0.0017094017094017094,Colombia,Cali
2020/08/13,28031.0,16174.0,1093.0,10764.0,0.06370879565278321,0.0497886331611085,0.0017848755284170972,Colombia,Cali
2020/08/14,28585.0,16780.0,1104.0,10701.0,0.052271658424256816,0.05629877369007804,0.0010219249349684132,Colombia,Cali
2020/08/15,29118.0,18720.0,1119.0,9279.0,0.05060193446483965,0.18129146808709468,0.0014017381553125877,Colombia,Cali
2020/08/16,29560.0,19557.0,1135.0,8868.0,0.04840769434859678,0.09020368574199807,0.0017243237417825196,Colombia,Cali
2020/08/17,29894.0,20540.0,1154.0,8200.0,0.03828433551444683,0.11084799278304014,0.002142534957149301,Colombia,Cali
2020/08/18,30715.0,20960.0,1166.0,8589.0,0.10179126931360503,0.05121951219512195,0.0014634146341463415,Colombia,Cali
2020/08/19,31546.0,21676.0,1181.0,8689.0,0.09840984651422634,0.08336244033065549,0.0017464198393293748,Colombia,Cali
2020/08/20,32539.0,22266.0,1192.0,9081.0,0.11629499074268133,0.06790194498791575,0.0012659684658763955,Colombia,Cali
2020/08/21,33037.0,22770.0,1208.0,9059.0,0.05583648068336196,0.05550049554013875,0.0017619204933377382,Colombia,Cali
2020/08/22,33564.0,23465.0,1223.0,8876.0,0.05924797976834576,0.0767192846892593,0.0016558118997681863,Colombia,Cali
2020/08/23,33837.0,23955.0,1239.0,8643.0,0.031334043159012705,0.055205047318611984,0.0018026137899954935,Colombia,Cali
2020/08/24,34315.0,24629.0,1254.0,8432.0,0.0563508841002961,0.07798218211269235,0.0017355085039916696,Colombia,Cali
2020/08/25,34902.0,25242.0,1267.0,8393.0,0.07095138962648675,0.07269924098671726,0.0015417457305502847,Colombia,Cali
2020/08/26,35130.0,25865.0,1278.0,7987.0,0.027695778952378864,0.07422852376980818,0.001310615989515072,Colombia,Cali
2020/08/27,35527.0,26561.0,1294.0,7672.0,0.05068251611664497,0.08714160510830099,0.002003255289846,Colombia,Cali
2020/08/28,35895.0,27072.0,1310.0,7513.0,0.048920064732959574,0.0666058394160584,0.0020855057351407717,Colombia,Cali
2020/08/29,36221.0,27759.0,1322.0,7140.0,0.04426306025777402,0.09144150139757753,0.0015972314654598696,Colombia,Cali
2020/08/30,36555.0,28387.0,1339.0,6829.0,0.04772706376701515,0.08795518207282914,0.002380952380952381,Colombia,Cali
2020/08/31,36864.0,28859.0,1355.0,6650.0,0.04617416218552332,0.06911700102504027,0.0023429491872895007,Colombia,Cali
2020/09/01,37428.0,29461.0,1356.0,6611.0,0.08656259106280656,0.09052631578947369,0.00015037593984962405,Colombia,Cali
2020/09/02,37842.0,29943.0,1368.0,6531.0,,,,Colombia,Cali
2020/09/03,38251.0,30419.0,1380.0,6452.0,,,,Colombia,Cali
2020/09/04,38655.0,30890.0,1392.0,6374.0,,,,Colombia,Cali
2020/09/05,39054.0,31355.0,1403.0,6295.0,,,,Colombia,Cali
2020/09/06,39448.0,31814.0,1414.0,6219.0,,,,Colombia,Cali
2020/09/07,39837.0,32268.0,1425.0,6144.0,,,,Colombia,Cali
2020/09/08,40221.0,32716.0,1436.0,6069.0,,,,Colombia,Cali
2020/09/09,40600.0,33159.0,1447.0,5995.0,,,,Colombia,Cali
2020/09/10,40975.0,33596.0,1458.0,5921.0,,,,Colombia,Cali
2020/09/11,41345.0,34028.0,1469.0,5848.0,,,,Colombia,Cali
2020/09/12,41710.0,34455.0,1480.0,5776.0,,,,Colombia,Cali
2020/09/13,42071.0,34876.0,1490.0,5704.0,,,,Colombia,Cali
2020/09/14,42427.0,35292.0,1500.0,5635.0,,,,Colombia,Cali
2020/09/15,42779.0,35703.0,1510.0,5566.0,,,,Colombia,Cali
2020/09/16,43126.0,36109.0,1520.0,5497.0,,,,Colombia,Cali
2020/09/17,43469.0,36510.0,1530.0,5429.0,,,,Colombia,Cali
2020/09/18,43808.0,36906.0,1540.0,5362.0,,,,Colombia,Cali
2020/09/19,44143.0,37297.0,1550.0,5296.0,,,,Colombia,Cali
2020/09/20,44473.0,37683.0,1560.0,5231.0,,,,Colombia,Cali
2020/09/21,44799.0,38065.0,1569.0,5165.0,,,,Colombia,Cali
2020/09/22,45121.0,38442.0,1578.0,5101.0,,,,Colombia,Cali
2020/09/23,45439.0,38814.0,1587.0,5038.0,,,,Colombia,Cali
2020/09/24,45753.0,39181.0,1596.0,4975.0,,,,Colombia,Cali
2020/09/25,46063.0,39544.0,1605.0,4914.0,,,,Colombia,Cali
2020/09/26,46369.0,39902.0,1614.0,4853.0,,,,Colombia,Cali
2020/09/27,46671.0,40256.0,1623.0,4793.0,,,,Colombia,Cali
2020/09/28,46970.0,40606.0,1632.0,4732.0,,,,Colombia,Cali
2020/09/29,47265.0,40951.0,1641.0,4673.0,,,,Colombia,Cali
2020/09/30,47556.0,41292.0,1649.0,4615.0,,,,Colombia,Cali
2020/10/01,47843.0,41629.0,1657.0,4557.0,,,,Colombia,Cali
2020/03/16,2.0,0.0,0.0,2.0,,,,Colombia,Barranquilla
2020/03/19,5.0,0.0,0.0,5.0,1.5000026783299005,0.0,0.0,Colombia,Barranquilla
2020/03/21,7.0,0.0,0.0,7.0,0.4000017855580494,0.0,0.0,Colombia,Barranquilla
2020/03/24,9.0,2.0,0.0,7.0,0.28571607127552334,0.2857142857142857,0.0,Colombia,Barranquilla
2020/03/25,12.0,3.0,0.0,9.0,0.42857487215996415,0.14285714285714285,0.0,Colombia,Barranquilla
2020/03/27,13.0,4.0,0.0,9.0,0.11111230149058325,0.1111111111111111,0.0,Colombia,Barranquilla
2020/03/28,16.0,5.0,0.0,11.0,0.3333372020700717,0.1111111111111111,0.0,Colombia,Barranquilla
2020/03/29,20.0,6.0,0.0,14.0,0.36364155803806475,0.09090909090909091,0.0,Colombia,Barranquilla
2020/03/30,21.0,10.0,0.0,11.0,0.0714298468442581,0.2857142857142857,0.0,Colombia,Barranquilla
2020/03/31,29.0,11.0,0.0,18.0,0.7272863626380601,0.09090909090909091,0.0,Colombia,Barranquilla
2020/04/01,31.0,11.0,0.0,20.0,0.1111139879051642,0.0,0.0,Colombia,Barranquilla
2020/04/03,40.0,18.0,2.0,20.0,0.4500124545564928,0.35,0.1,Colombia,Barranquilla
2020/04/05,42.0,18.0,2.0,22.0,0.10000357122768987,0.0,0.0,Colombia,Barranquilla
2020/04/06,43.0,23.0,2.0,18.0,0.045456249907168206,0.22727272727272727,0.0,Colombia,Barranquilla
2020/04/07,46.0,23.0,2.0,21.0,0.16667306513341548,0.0,0.0,Colombia,Barranquilla
2020/04/08,49.0,27.0,2.0,20.0,0.14286300990549078,0.19047619047619047,0.0,Colombia,Barranquilla
2020/04/09,55.0,27.0,3.0,25.0,0.300013124367218,0.0,0.05,Colombia,Barranquilla
2020/04/10,60.0,27.0,3.0,30.0,0.2000098210076711,0.0,0.0,Colombia,Barranquilla
2020/04/11,64.0,27.0,3.0,34.0,0.13334047591625203,0.0,0.0,Colombia,Barranquilla
2020/04/12,66.0,28.0,3.0,35.0,0.05882689063925978,0.029411764705882353,0.0,Colombia,Barranquilla
2020/04/13,67.0,28.0,3.0,36.0,0.02857311218927844,0.0,0.0,Colombia,Barranquilla
2020/04/14,69.0,28.0,3.0,38.0,0.055558878861433424,0.0,0.0,Colombia,Barranquilla
2020/04/16,70.0,30.0,3.0,37.0,0.026317410665070977,0.05263157894736842,0.0,Colombia,Barranquilla
2020/04/17,72.0,31.0,3.0,38.0,0.05405743233289386,0.02702702702702703,0.0,Colombia,Barranquilla
2020/04/18,75.0,31.0,3.0,41.0,0.07895244346855249,0.0,0.0,Colombia,Barranquilla
2020/04/19,77.0,35.0,3.0,39.0,0.048783754273738975,0.0975609756097561,0.0,Colombia,Barranquilla
2020/04/20,78.0,36.0,4.0,38.0,0.02564278842061679,0.02564102564102564,0.02564102564102564,Colombia,Barranquilla
2020/04/21,82.0,36.0,4.0,42.0,0.10527048855817363,0.0,0.0,Colombia,Barranquilla
2020/04/22,85.0,38.0,5.0,42.0,0.07143380092235516,0.047619047619047616,0.023809523809523808,Colombia,Barranquilla
2020/04/23,87.0,38.0,5.0,44.0,0.04762266150654552,0.0,0.0,Colombia,Barranquilla
2020/04/24,92.0,42.0,5.0,45.0,0.11364519062065347,0.09090909090909091,0.0,Colombia,Barranquilla
2020/04/25,99.0,42.0,8.0,49.0,0.15556833320783853,0.0,0.06666666666666667,Colombia,Barranquilla
2020/04/26,111.0,45.0,8.0,58.0,0.24491960633668292,0.061224489795918366,0.0,Colombia,Barranquilla
2020/04/27,129.0,46.0,8.0,75.0,0.31037558519506664,0.017241379310344827,0.0,Colombia,Barranquilla
2020/04/28,138.0,47.0,8.0,83.0,0.12001382174943347,0.013333333333333334,0.0,Colombia,Barranquilla
2020/04/29,140.0,47.0,8.0,85.0,0.02409935465388629,0.0,0.0,Colombia,Barranquilla
2020/04/30,159.0,47.0,11.0,101.0,0.22355735386426367,0.0,0.03529411764705882,Colombia,Barranquilla
2020/05/01,164.0,47.0,14.0,103.0,0.04951197878140017,0.0,0.0297029702970297,Colombia,Barranquilla
2020/05/02,196.0,49.0,16.0,131.0,0.3107251065000359,0.019417475728155338,0.019417475728155338,Colombia,Barranquilla
2020/05/03,242.0,50.0,18.0,174.0,0.3512064936526184,0.007633587786259542,0.015267175572519083,Colombia,Barranquilla
2020/05/04,253.0,52.0,19.0,182.0,0.06323205218808611,0.011494252873563218,0.005747126436781609,Colombia,Barranquilla
2020/05/05,298.0,58.0,22.0,218.0,0.24730860736352545,0.03296703296703297,0.016483516483516484,Colombia,Barranquilla
2020/05/06,305.0,71.0,23.0,211.0,0.032118636808857896,0.05963302752293578,0.0045871559633027525,Colombia,Barranquilla
2020/05/07,322.0,74.0,24.0,224.0,0.08059066492603452,0.014218009478672985,0.004739336492890996,Colombia,Barranquilla
2020/05/08,380.0,78.0,27.0,275.0,0.2590030279517666,0.017857142857142856,0.013392857142857142,Colombia,Barranquilla
2020/05/09,391.0,80.0,27.0,284.0,0.04001357478590687,0.007272727272727273,0.0,Colombia,Barranquilla
2020/05/10,426.0,83.0,29.0,314.0,0.12328247145342404,0.01056338028169014,0.007042253521126761,Colombia,Barranquilla
2020/05/11,450.0,88.0,31.0,331.0,0.07646220128918094,0.01592356687898089,0.006369426751592357,Colombia,Barranquilla
2020/05/12,487.0,89.0,33.0,365.0,0.1118274038630921,0.0030211480362537764,0.006042296072507553,Colombia,Barranquilla
2020/05/13,591.0,94.0,33.0,464.0,0.2850554436667914,0.0136986301369863,0.0,Colombia,Barranquilla
2020/05/14,653.0,101.0,35.0,517.0,0.13369122916487505,0.015086206896551725,0.004310344827586207,Colombia,Barranquilla
2020/05/15,714.0,117.0,36.0,561.0,0.11805721983016494,0.030947775628626693,0.0019342359767891683,Colombia,Barranquilla
2020/05/16,745.0,119.0,37.0,589.0,0.05529371352412525,0.0035650623885918,0.0017825311942959,Colombia,Barranquilla
2020/05/17,828.0,122.0,38.0,668.0,0.14101059675150743,0.0050933786078098476,0.001697792869269949,Colombia,Barranquilla
2020/05/18,850.0,134.0,39.0,677.0,0.032958495240650455,0.017964071856287425,0.0014970059880239522,Colombia,Barranquilla
2020/05/19,886.0,141.0,44.0,701.0,0.053216159029764155,0.0103397341211226,0.007385524372230428,Colombia,Barranquilla
2020/05/20,952.0,154.0,46.0,752.0,0.09422574499387287,0.018544935805991442,0.0028530670470756064,Colombia,Barranquilla
2020/05/21,1035.0,180.0,48.0,807.0,0.1104662280850927,0.034574468085106384,0.0026595744680851063,Colombia,Barranquilla
2020/05/22,1093.0,193.0,54.0,846.0,0.07193759956976767,0.0161090458488228,0.007434944237918215,Colombia,Barranquilla
2020/05/23,1236.0,206.0,58.0,972.0,0.16919583468357488,0.015366430260047281,0.004728132387706856,Colombia,Barranquilla
2020/05/24,1340.0,223.0,63.0,1054.0,0.10711408194417545,0.01748971193415638,0.0051440329218107,Colombia,Barranquilla
2020/05/25,1374.0,241.0,66.0,1067.0,0.032296701659520095,0.017077798861480076,0.0028462998102466793,Colombia,Barranquilla
2020/05/26,1465.0,267.0,78.0,1120.0,0.08539059450099301,0.02436738519212746,0.011246485473289597,Colombia,Barranquilla
2020/05/27,1509.0,292.0,83.0,1134.0,0.039337163969551746,0.022321428571428572,0.004464285714285714,Colombia,Barranquilla
2020/05/28,1590.0,327.0,92.0,1171.0,0.07152492963743516,0.030864197530864196,0.007936507936507936,Colombia,Barranquilla
2020/05/29,1671.0,345.0,98.0,1228.0,0.06926997775027989,0.015371477369769428,0.005123825789923143,Colombia,Barranquilla
2020/05/30,1861.0,362.0,111.0,1388.0,0.15495429204655714,0.013843648208469055,0.010586319218241042,Colombia,Barranquilla
2020/05/31,1984.0,442.0,119.0,1423.0,0.08876419235076927,0.05763688760806916,0.005763688760806916,Colombia,Barranquilla
2020/06/01,2079.0,505.0,134.0,1440.0,0.06687882559353332,0.04427266338721012,0.010541110330288124,Colombia,Barranquilla
2020/06/02,2261.0,581.0,151.0,1529.0,0.12662391291341787,0.05277777777777778,0.011805555555555555,Colombia,Barranquilla
2020/06/03,2399.0,650.0,180.0,1569.0,0.09043762283496978,0.04512753433616743,0.01896664486592544,Colombia,Barranquilla
2020/06/04,2719.0,710.0,196.0,1813.0,0.20438931586133255,0.03824091778202677,0.010197578075207138,Colombia,Barranquilla
2020/06/05,2921.0,811.0,216.0,1894.0,0.11168865922034292,0.05570876999448428,0.011031439602868174,Colombia,Barranquilla
2020/06/06,3105.0,861.0,235.0,2009.0,0.09740289811287273,0.026399155227032733,0.01003167898627244,Colombia,Barranquilla
2020/06/07,3282.0,975.0,259.0,2048.0,0.08834844185232674,0.05674464907914385,0.011946241911398706,Colombia,Barranquilla
2020/06/08,3418.0,1100.0,279.0,2039.0,0.06660139793552414,0.06103515625,0.009765625,Colombia,Barranquilla
2020/06/09,3664.0,1141.0,308.0,2215.0,0.1210166591154229,0.020107896027464444,0.014222658165767533,Colombia,Barranquilla
2020/06/10,3883.0,1204.0,331.0,2348.0,0.09919581400778175,0.028442437923250564,0.01038374717832957,Colombia,Barranquilla
2020/06/11,4086.0,1255.0,360.0,2471.0,0.08675731562934615,0.0217206132879046,0.012350936967632026,Colombia,Barranquilla
2020/06/12,4477.0,1340.0,388.0,2749.0,0.15881486957081137,0.03439902873330635,0.0113314447592068,Colombia,Barranquilla
2020/06/13,4763.0,1391.0,414.0,2958.0,0.10445533509280261,0.018552200800291015,0.009457984721716987,Colombia,Barranquilla
2020/06/14,5091.0,1431.0,447.0,3213.0,0.11135926521670692,0.013522650439486139,0.011156186612576065,Colombia,Barranquilla
2020/06/15,5887.0,1466.0,476.0,3945.0,0.24887470670211917,0.010893246187363835,0.00902583255524432,Colombia,Barranquilla
2020/06/16,6160.0,1502.0,517.0,4141.0,0.06956714961794412,0.009125475285171103,0.010392902408111533,Colombia,Barranquilla
2020/06/17,6600.0,1560.0,550.0,4490.0,0.10684210543556004,0.014006278676648153,0.007969089591886018,Colombia,Barranquilla
2020/06/18,7160.0,1680.0,591.0,4889.0,0.1254608584945513,0.026726057906458798,0.00913140311804009,Colombia,Barranquilla
2020/06/19,7564.0,1806.0,624.0,5134.0,0.08316610572282021,0.025772141542237677,0.006749846594395582,Colombia,Barranquilla
2020/06/20,8084.0,1941.0,657.0,5486.0,0.10197417386956537,0.02629528632645111,0.006427736657576938,Colombia,Barranquilla
2020/06/21,8502.0,2129.0,689.0,5684.0,0.07674785232658286,0.03426904848705797,0.005833029529711994,Colombia,Barranquilla
2020/06/22,8834.0,2269.0,727.0,5838.0,0.05885631210983736,0.024630541871921183,0.006685432793807178,Colombia,Barranquilla
2020/06/23,9176.0,2485.0,768.0,5923.0,0.05904739960089903,0.03699897225077081,0.007022953066118534,Colombia,Barranquilla
2020/06/24,9700.0,2675.0,802.0,6223.0,0.08919941225211549,0.032078338679723116,0.005740334290055715,Colombia,Barranquilla
2020/06/25,9962.0,2959.0,839.0,6164.0,0.04246966392421083,0.04563715249879479,0.005945685360758477,Colombia,Barranquilla
2020/06/26,10851.0,3312.0,873.0,6666.0,0.14551874779507887,0.0572680077871512,0.0055158987670343934,Colombia,Barranquilla
2020/06/27,11430.0,3553.0,901.0,6976.0,0.087708360784981,0.036153615361536155,0.0042004200420042,Colombia,Barranquilla
2020/06/28,11949.0,3758.0,928.0,7263.0,0.07516495040537635,0.029386467889908258,0.0038704128440366975,Colombia,Barranquilla
2020/06/29,12302.0,4051.0,957.0,7294.0,0.049126576822236236,0.04034145669833402,0.0039928404240671895,Colombia,Barranquilla
2020/06/30,12695.0,4384.0,981.0,7330.0,0.05447823126465029,0.04565396216068001,0.003290375651220181,Colombia,Barranquilla
2020/07/01,13069.0,4674.0,1009.0,7386.0,0.05160810724881566,0.03956343792633015,0.003819918144611187,Colombia,Barranquilla
2020/07/02,13684.0,4880.0,1053.0,7751.0,0.08424862341785966,0.027890603845112376,0.005957216355266721,Colombia,Barranquilla
2020/07/03,14036.0,5083.0,1087.0,7866.0,0.04597516133294462,0.026190169010450265,0.004386530770223197,Colombia,Barranquilla
2020/07/04,14400.0,5270.0,1112.0,8018.0,0.04686233959003919,0.023773201118738877,0.003178235443681668,Colombia,Barranquilla
2020/07/05,14929.0,5447.0,1139.0,8343.0,0.06683579105056967,0.02207533050636069,0.003367423297580444,Colombia,Barranquilla
2020/07/06,15301.0,5816.0,1174.0,8311.0,0.04519058854292382,0.04422869471413161,0.004195133644971833,Colombia,Barranquilla
2020/07/07,15820.0,6212.0,1199.0,8409.0,0.06331222614596006,0.047647695824810495,0.0030080616051016726,Colombia,Barranquilla
2020/07/08,16200.0,6571.0,1223.0,8406.0,0.0458370667575259,0.0426923534308479,0.0028540849090260435,Colombia,Barranquilla
2020/07/09,16878.0,7073.0,1250.0,8555.0,0.08184032682070645,0.05971924815607899,0.0032119914346895075,Colombia,Barranquilla
2020/07/10,17637.0,7656.0,1275.0,8706.0,0.09007735550939538,0.06814728229105786,0.0029222676797194622,Colombia,Barranquilla
2020/07/11,18024.0,8069.0,1295.0,8660.0,0.04516323660318059,0.047438548127728006,0.002297266253158741,Colombia,Barranquilla
2020/07/12,18674.0,8461.0,1311.0,8902.0,0.07628527181254974,0.045265588914549654,0.0018475750577367205,Colombia,Barranquilla
2020/07/13,19080.0,8942.0,1334.0,8804.0,0.04638097746509136,0.05403280161761402,0.0025836890586385082,Colombia,Barranquilla
2020/07/14,19667.0,9468.0,1356.0,8843.0,0.06782965942289094,0.05974557019536574,0.002498864152657883,Colombia,Barranquilla
2020/07/15,20084.0,10126.0,1376.0,8582.0,0.04799871389333587,0.07440913717064344,0.0022616759018432657,Colombia,Barranquilla
2020/07/16,21054.0,10728.0,1393.0,8933.0,0.11509090310666313,0.0701468189233279,0.0019808902353763693,Colombia,Barranquilla
2020/07/17,23092.0,11521.0,1410.0,10161.0,0.23251327356789592,0.08877196910332476,0.0019030560841822456,Colombia,Barranquilla
2020/07/18,24589.0,12598.0,1436.0,10555.0,0.1504292627414106,0.10599350457632123,0.0025588032673949414,Colombia,Barranquilla
2020/07/19,24946.0,13810.0,1453.0,9683.0,0.03458199207507143,0.11482709616295594,0.0016106110847939365,Colombia,Barranquilla
2020/07/20,25462.0,14411.0,1462.0,9589.0,0.05450311784676083,0.06206754105132707,0.0009294640090880925,Colombia,Barranquilla
2020/07/21,25924.0,14739.0,1474.0,9711.0,0.049300906713944805,0.03420586088226092,0.001251433934716863,Colombia,Barranquilla
2020/07/22,26155.0,15157.0,1486.0,9512.0,0.024351045426031538,0.04304397075481413,0.001235712079085573,Colombia,Barranquilla
2020/07/23,26453.0,16067.0,1502.0,8884.0,0.03207788338669217,0.0956686291000841,0.001682085786375105,Colombia,Barranquilla
2020/07/24,26656.0,16386.0,1510.0,8760.0,0.023402760662514704,0.03590724898694282,0.0009004952723998199,Colombia,Barranquilla
2020/07/25,26955.0,17608.0,1522.0,7825.0,0.034964498637384815,0.13949771689497717,0.0013698630136986301,Colombia,Barranquilla
2020/07/26,27386.0,18160.0,1531.0,7695.0,0.05643803958461859,0.07054313099041533,0.0011501597444089457,Colombia,Barranquilla
2020/07/27,27760.0,19214.0,1542.0,7004.0,0.049821091587476295,0.1369720597790773,0.0014294996751137103,Colombia,Barranquilla
2020/07/28,28505.0,19800.0,1552.0,7153.0,0.10907094245750551,0.08366647629925757,0.0014277555682467161,Colombia,Barranquilla
2020/07/29,28802.0,20449.0,1562.0,6791.0,0.04260528290169184,0.09073116175031455,0.001398014818957081,Colombia,Barranquilla
2020/07/30,29285.0,21370.0,1572.0,6343.0,0.07300066351914068,0.13562067442202916,0.0014725371815638344,Colombia,Barranquilla
2020/07/31,29512.0,21815.0,1577.0,6120.0,0.036748262538989745,0.0701560775658206,0.0007882705344474224,Colombia,Barranquilla
2020/08/01,29934.0,22372.0,1585.0,5977.0,0.07082018873942325,0.09101307189542483,0.00130718954248366,Colombia,Barranquilla
2020/08/02,30325.0,22819.0,1590.0,5916.0,0.06721367376078584,0.07478668228208131,0.0008365400702693659,Colombia,Barranquilla
2020/08/03,30751.0,23339.0,1593.0,5819.0,0.07401186668917444,0.0878972278566599,0.0005070993914807302,Colombia,Barranquilla
2020/08/04,31247.0,23953.0,1601.0,5693.0,0.08764417243303309,0.10551641175459701,0.001374806667812339,Colombia,Barranquilla
2020/08/05,31501.0,24216.0,1606.0,5679.0,0.045896550356544365,0.0461970841384156,0.0008782715615668365,Colombia,Barranquilla
2020/08/06,31677.0,24640.0,1612.0,5425.0,0.031888172571890645,0.07466103187180842,0.0010565240359218173,Colombia,Barranquilla
2020/08/07,32064.0,25050.0,1619.0,5395.0,0.07341254420908538,0.07557603686635944,0.0012903225806451613,Colombia,Barranquilla
2020/08/08,32416.0,25443.0,1626.0,5347.0,0.06716835499956834,0.07284522706209454,0.0012974976830398518,Colombia,Barranquilla
2020/08/09,32773.0,25918.0,1630.0,5225.0,0.06875622981663365,0.08883486066953432,0.0007480830372171312,Colombia,Barranquilla
2020/08/10,33095.0,26359.0,1632.0,5104.0,0.06348427536183734,0.08440191387559809,0.0003827751196172249,Colombia,Barranquilla
2020/08/11,33371.0,26684.0,1638.0,5049.0,0.05572160745100341,0.0636755485893417,0.0011755485893416929,Colombia,Barranquilla
2020/08/12,33498.0,26918.0,1641.0,4939.0,0.025925900811607793,0.04634581105169341,0.0005941770647653001,Colombia,Barranquilla
2020/08/13,33700.0,27249.0,1645.0,4806.0,0.042159806078775244,0.06701761490180198,0.0008098805426199635,Colombia,Barranquilla
2020/08/14,33852.0,27977.0,1650.0,4225.0,0.03260819997320421,0.15147732001664585,0.0010403662089055348,Colombia,Barranquilla
2020/08/15,34064.0,28416.0,1651.0,3997.0,0.05174125027463358,0.10390532544378699,0.00023668639053254438,Colombia,Barranquilla
2020/08/16,34235.0,28741.0,1653.0,3841.0,0.04412396194577794,0.08131098323742807,0.0005003752814610958,Colombia,Barranquilla
2020/08/17,34330.0,29154.0,1656.0,3520.0,0.025512923314618803,0.10752408227024213,0.0007810466024472793,Colombia,Barranquilla
2020/08/18,34539.0,29401.0,1657.0,3481.0,0.061252320351491515,0.07017045454545455,0.0002840909090909091,Colombia,Barranquilla
2020/08/19,34886.0,29658.0,1659.0,3569.0,0.10285560884931257,0.07382935937948865,0.0005745475438092502,Colombia,Barranquilla
2020/08/20,35049.0,30268.0,1664.0,3117.0,0.04713922394810697,0.17091622303166154,0.0014009526478005044,Colombia,Barranquilla
2020/08/21,35149.0,30535.0,1666.0,2948.0,0.0331184349749218,0.08565928777670838,0.0006416426050689766,Colombia,Barranquilla
2020/08/22,35189.0,30722.0,1666.0,2801.0,0.01400809722128194,0.06343283582089553,0.0,Colombia,Barranquilla
2020/08/23,35355.0,30934.0,1668.0,2753.0,0.06118678386409656,0.07568725455194573,0.0007140307033202428,Colombia,Barranquilla
2020/08/24,35508.0,31192.0,1671.0,2645.0,0.057387105695805365,0.09371594624046495,0.0010897203051216855,Colombia,Barranquilla
2020/08/25,35635.0,31482.0,1672.0,2481.0,0.04958706537998368,0.10964083175803403,0.0003780718336483932,Colombia,Barranquilla
2020/08/26,35721.0,31685.0,1673.0,2363.0,0.035802463100996995,0.08182184602982669,0.00040306328093510683,Colombia,Barranquilla
2020/08/27,35848.0,31932.0,1675.0,2241.0,0.055515679488227596,0.10452814219212865,0.0008463817181548879,Colombia,Barranquilla
2020/08/28,35919.0,32312.0,1680.0,1927.0,0.03272977494498651,0.16956715751896476,0.0022311468094600626,Colombia,Barranquilla
2020/08/29,35983.0,32476.0,1683.0,1824.0,0.03431256827204635,0.0851063829787234,0.0015568240788790867,Colombia,Barranquilla
2020/08/30,36068.0,32749.0,1683.0,1636.0,0.04814760575073906,0.14967105263157895,0.0,Colombia,Barranquilla
2020/08/31,36130.0,32850.0,1683.0,1597.0,0.039158229391158046,0.0617359413202934,0.0,Colombia,Barranquilla
2020/09/01,36218.0,32978.0,1683.0,1557.0,0.05693997231586571,0.08015028177833437,0.0,Colombia,Barranquilla
2020/09/02,36291.0,33124.0,1684.0,1483.0,,,,Colombia,Barranquilla
2020/09/03,36360.0,33263.0,1685.0,1412.0,,,,Colombia,Barranquilla
2020/09/04,36426.0,33395.0,1686.0,1345.0,,,,Colombia,Barranquilla
2020/09/05,36489.0,33521.0,1687.0,1281.0,,,,Colombia,Barranquilla
2020/09/06,36549.0,33641.0,1688.0,1220.0,,,,Colombia,Barranquilla
2020/09/07,36606.0,33755.0,1689.0,1162.0,,,,Colombia,Barranquilla
2020/09/08,36660.0,33864.0,1690.0,1107.0,,,,Colombia,Barranquilla
2020/09/09,36712.0,33968.0,1691.0,1053.0,,,,Colombia,Barranquilla
2020/09/10,36761.0,34067.0,1692.0,1003.0,,,,Colombia,Barranquilla
2020/09/11,36808.0,34161.0,1693.0,954.0,,,,Colombia,Barranquilla
2020/09/12,36853.0,34250.0,1694.0,908.0,,,,Colombia,Barranquilla
2020/09/13,36895.0,34335.0,1695.0,866.0,,,,Colombia,Barranquilla
2020/09/14,36935.0,34416.0,1696.0,824.0,,,,Colombia,Barranquilla
2020/09/15,36973.0,34493.0,1697.0,784.0,,,,Colombia,Barranquilla
2020/09/16,37010.0,34566.0,1698.0,746.0,,,,Colombia,Barranquilla
2020/09/17,37045.0,34636.0,1699.0,710.0,,,,Colombia,Barranquilla
2020/09/18,37078.0,34703.0,1700.0,676.0,,,,Colombia,Barranquilla
2020/09/19,37110.0,34766.0,1700.0,643.0,,,,Colombia,Barranquilla
2020/09/20,37140.0,34826.0,1700.0,613.0,,,,Colombia,Barranquilla
2020/09/21,37169.0,34883.0,1700.0,585.0,,,,Colombia,Barranquilla
2020/09/22,37196.0,34938.0,1700.0,558.0,,,,Colombia,Barranquilla
2020/09/23,37222.0,34990.0,1700.0,531.0,,,,Colombia,Barranquilla
2020/09/24,37247.0,35040.0,1700.0,507.0,,,,Colombia,Barranquilla
2020/09/25,37271.0,35088.0,1700.0,483.0,,,,Colombia,Barranquilla
2020/09/26,37294.0,35133.0,1700.0,460.0,,,,Colombia,Barranquilla
2020/09/27,37315.0,35176.0,1700.0,439.0,,,,Colombia,Barranquilla
2020/09/28,37335.0,35217.0,1700.0,418.0,,,,Colombia,Barranquilla
2020/09/29,37354.0,35256.0,1700.0,398.0,,,,Colombia,Barranquilla
2020/09/30,37373.0,35293.0,1700.0,379.0,,,,Colombia,Barranquilla
2020/10/01,37391.0,35329.0,1700.0,362.0,,,,Colombia,Barranquilla
2020/03/17,1.0,0.0,0.0,1.0,,,,Colombia,Pereira
2020/03/18,3.0,0.0,0.0,3.0,2.0000048819900944,0.0,0.0,Colombia,Pereira
2020/03/20,4.0,0.0,0.0,4.0,0.33333577434029754,0.0,0.0,Colombia,Pereira
2020/03/21,5.0,0.0,0.0,5.0,0.25000244101292274,0.0,0.0,Colombia,Pereira
2020/03/22,7.0,0.0,0.0,7.0,0.4000048820377626,0.0,0.0,Colombia,Pereira
2020/03/24,10.0,1.0,0.0,9.0,0.42857875166382403,0.14285714285714285,0.0,Colombia,Pereira
2020/03/25,12.0,1.0,0.0,11.0,0.22222764677483225,0.0,0.0,Colombia,Pereira
2020/03/29,20.0,3.0,0.0,17.0,0.7272940310742575,0.18181818181818182,0.0,Colombia,Pereira
2020/03/31,25.0,4.0,0.0,21.0,0.294132006519195,0.058823529411764705,0.0,Colombia,Pereira
2020/04/03,27.0,6.0,0.0,21.0,0.09524390747156801,0.09523809523809523,0.0,Colombia,Pereira
2020/04/08,32.0,12.0,0.0,20.0,0.23811093120223265,0.2857142857142857,0.0,Colombia,Pereira
2020/04/09,33.0,13.0,0.0,20.0,0.050003905887637375,0.05,0.0,Colombia,Pereira
2020/04/10,35.0,13.0,0.0,22.0,0.10000805591291802,0.0,0.0,Colombia,Pereira
2020/04/11,38.0,14.0,0.0,24.0,0.13637528753424613,0.045454545454545456,0.0,Colombia,Pereira
2020/04/12,40.0,16.0,0.0,24.0,0.08334106384917844,0.08333333333333333,0.0,Colombia,Pereira
2020/04/13,41.0,17.0,0.0,24.0,0.04167073537908193,0.041666666666666664,0.0,Colombia,Pereira
2020/04/14,44.0,18.0,0.0,26.0,0.12501251132121993,0.041666666666666664,0.0,Colombia,Pereira
2020/04/15,46.0,20.0,0.0,26.0,0.07693133961974319,0.07692307692307693,0.0,Colombia,Pereira
2020/04/17,75.0,20.0,0.0,55.0,1.1155098709660942,0.0,0.0,Colombia,Pereira
2020/04/18,83.0,21.0,4.0,58.0,0.14548117930239293,0.01818181818181818,0.07272727272727272,Colombia,Pereira
2020/04/19,87.0,21.0,4.0,62.0,0.06897949263105485,0.0,0.0,Colombia,Pereira
2020/04/21,89.0,24.0,4.0,61.0,0.03226491648902074,0.04838709677419355,0.0,Colombia,Pereira
2020/04/22,94.0,25.0,4.0,65.0,0.0819850241996609,0.01639344262295082,0.0,Colombia,Pereira
2020/04/23,97.0,25.0,4.0,68.0,0.04616443872161981,0.0,0.0,Colombia,Pereira
2020/04/24,98.0,25.0,5.0,68.0,0.014709365176731406,0.0,0.014705882352941176,Colombia,Pereira
2020/04/25,123.0,28.0,5.0,90.0,0.36773502726806345,0.04411764705882353,0.0,Colombia,Pereira
2020/04/26,126.0,36.0,5.0,85.0,0.03334334439433488,0.08888888888888889,0.0,Colombia,Pereira
2020/04/28,132.0,41.0,5.0,86.0,0.07060995241766739,0.058823529411764705,0.0,Colombia,Pereira
2020/04/30,138.0,47.0,5.0,86.0,0.06978992891252275,0.06976744186046512,0.0,Colombia,Pereira
2020/05/01,139.0,50.0,5.0,84.0,0.01163182523261379,0.03488372093023256,0.0,Colombia,Pereira
2020/05/02,143.0,52.0,7.0,84.0,0.047635210125961745,0.023809523809523808,0.023809523809523808,Colombia,Pereira
2020/05/08,144.0,97.0,7.0,40.0,0.011908918849120594,0.5357142857142857,0.0,Colombia,Pereira
2020/05/09,146.0,99.0,7.0,40.0,0.050017581301309316,0.05,0.0,Colombia,Pereira
2020/05/13,163.0,99.0,7.0,57.0,0.4251515173713873,0.0,0.0,Colombia,Pereira
2020/05/14,165.0,117.0,7.0,41.0,0.03510168559978775,0.3157894736842105,0.0,Colombia,Pereira
2020/05/21,166.0,136.0,7.0,23.0,0.02440007135324891,0.4634146341463415,0.0,Colombia,Pereira
2020/05/23,167.0,137.0,7.0,23.0,0.04349588558459693,0.043478260869565216,0.0,Colombia,Pereira
2020/05/24,168.0,139.0,7.0,22.0,0.043495991800877605,0.08695652173913043,0.0,Colombia,Pereira
2020/05/25,171.0,139.0,7.0,25.0,0.13641958014635072,0.0,0.0,Colombia,Pereira
2020/05/27,173.0,139.0,7.0,27.0,0.08003340667498578,0.0,0.0,Colombia,Pereira
2020/05/30,175.0,139.0,7.0,29.0,0.07410536811240602,0.0,0.0,Colombia,Pereira
2020/06/03,176.0,157.0,7.0,12.0,0.03449749502225407,0.6206896551724138,0.0,Colombia,Pereira
2020/06/04,177.0,158.0,7.0,12.0,0.08336914989393414,0.08333333333333333,0.0,Colombia,Pereira
2020/06/05,179.0,159.0,7.0,13.0,0.1667387069701639,0.08333333333333333,0.0,Colombia,Pereira
2020/06/06,182.0,160.0,7.0,15.0,0.23087010647176803,0.07692307692307693,0.0,Colombia,Pereira
2020/06/07,183.0,160.0,7.0,16.0,0.06669629716458927,0.0,0.0,Colombia,Pereira
2020/06/09,185.0,160.0,7.0,18.0,0.12505586257927603,0.0,0.0,Colombia,Pereira
2020/06/10,189.0,160.0,7.0,22.0,0.22232261933349887,0.0,0.0,Colombia,Pereira
2020/06/11,192.0,163.0,7.0,22.0,0.1364265763468657,0.13636363636363635,0.0,Colombia,Pereira
2020/06/12,194.0,164.0,7.0,23.0,0.09095171724177434,0.045454545454545456,0.0,Colombia,Pereira
2020/06/13,197.0,164.0,7.0,26.0,0.13049657950967664,0.0,0.0,Colombia,Pereira
2020/06/14,199.0,164.0,7.0,28.0,0.07696008509248943,0.0,0.0,Colombia,Pereira
2020/06/16,200.0,164.0,7.0,29.0,0.03573164260367994,0.0,0.0,Colombia,Pereira
2020/06/17,203.0,165.0,7.0,31.0,0.10349880375220112,0.034482758620689655,0.0,Colombia,Pereira
2020/06/18,226.0,165.0,7.0,54.0,0.7423033105901559,0.0,0.0,Colombia,Pereira
2020/06/19,229.0,166.0,8.0,55.0,0.055586220446372264,0.018518518518518517,0.018518518518518517,Colombia,Pereira
2020/06/20,236.0,166.0,8.0,62.0,0.12734391079989102,0.0,0.0,Colombia,Pereira
2020/06/21,238.0,168.0,8.0,62.0,0.032276658241188035,0.03225806451612903,0.0,Colombia,Pereira
2020/06/22,240.0,168.0,8.0,64.0,0.032276815906725854,0.0,0.0,Colombia,Pereira
2020/06/23,245.0,168.0,8.0,69.0,0.07817079537405662,0.0,0.0,Colombia,Pereira
2020/06/24,256.0,172.0,8.0,76.0,0.15951568698767182,0.057971014492753624,0.0,Colombia,Pereira
2020/06/25,261.0,175.0,8.0,78.0,0.06583061078568521,0.039473684210526314,0.0,Colombia,Pereira
2020/06/26,268.0,181.0,8.0,79.0,0.08980080166839617,0.07692307692307693,0.0,Colombia,Pereira
2020/06/27,273.0,187.0,8.0,78.0,0.06333257046291475,0.0759493670886076,0.0,Colombia,Pereira
2020/06/28,276.0,187.0,8.0,81.0,0.03848718593819315,0.0,0.0,Colombia,Pereira
2020/06/29,278.0,188.0,9.0,81.0,0.024708004127992372,0.012345679012345678,0.012345679012345678,Colombia,Pereira
2020/07/01,289.0,203.0,9.0,77.0,0.13589468658611845,0.18518518518518517,0.0,Colombia,Pereira
2020/07/02,297.0,215.0,9.0,73.0,0.10396944871187691,0.15584415584415584,0.0,Colombia,Pereira
2020/07/03,307.0,218.0,9.0,80.0,0.1370856848941962,0.0410958904109589,0.0,Colombia,Pereira
2020/07/04,324.0,219.0,9.0,96.0,0.2126593634500431,0.0125,0.0,Colombia,Pereira
2020/07/05,326.0,222.0,9.0,95.0,0.020849823051078225,0.03125,0.0,Colombia,Pereira
2020/07/06,329.0,225.0,11.0,93.0,0.031604096721635236,0.031578947368421054,0.021052631578947368,Colombia,Pereira
2020/07/07,344.0,228.0,11.0,105.0,0.1614199565927012,0.03225806451612903,0.0,Colombia,Pereira
2020/07/08,355.0,230.0,11.0,114.0,0.1048499472884926,0.01904761904761905,0.0,Colombia,Pereira
2020/07/09,392.0,235.0,11.0,146.0,0.3248428964866633,0.043859649122807015,0.0,Colombia,Pereira
2020/07/10,397.0,242.0,11.0,144.0,0.03427937617108162,0.04794520547945205,0.0,Colombia,Pereira
2020/07/11,402.0,243.0,11.0,148.0,0.03475590321809105,0.006944444444444444,0.0,Colombia,Pereira
2020/07/12,414.0,245.0,11.0,158.0,0.08116072228096623,0.013513513513513514,0.0,Colombia,Pereira
2020/07/13,416.0,250.0,11.0,155.0,0.012671032807171172,0.03164556962025317,0.0,Colombia,Pereira
2020/07/14,449.0,254.0,11.0,184.0,0.21311963845467372,0.025806451612903226,0.0,Colombia,Pereira
2020/07/15,469.0,262.0,11.0,196.0,0.10881491376563508,0.043478260869565216,0.0,Colombia,Pereira
2020/07/16,503.0,273.0,11.0,219.0,0.17366820726643545,0.05612244897959184,0.0,Colombia,Pereira
2020/07/17,529.0,279.0,11.0,239.0,0.11886740867314864,0.0273972602739726,0.0,Colombia,Pereira
2020/07/18,556.0,285.0,11.0,260.0,0.11311677709413412,0.02510460251046025,0.0,Colombia,Pereira
2020/07/19,570.0,288.0,12.0,270.0,0.053919332621601423,0.011538461538461539,0.0038461538461538464,Colombia,Pereira
2020/07/20,573.0,293.0,13.0,267.0,0.011126592248567315,0.018518518518518517,0.003703703703703704,Colombia,Pereira
2020/07/21,617.0,298.0,13.0,306.0,0.16502482552717115,0.018726591760299626,0.0,Colombia,Pereira
2020/07/22,641.0,304.0,16.0,321.0,0.07854967545075299,0.0196078431372549,0.00980392156862745,Colombia,Pereira
2020/07/23,670.0,315.0,16.0,339.0,0.09048425749336955,0.03426791277258567,0.0,Colombia,Pereira
2020/07/24,716.0,321.0,16.0,379.0,0.13591550006851735,0.017699115044247787,0.0,Colombia,Pereira
2020/07/25,754.0,328.0,17.0,409.0,0.10043939501333882,0.018469656992084433,0.002638522427440633,Colombia,Pereira
2020/07/26,779.0,335.0,17.0,427.0,0.061237402168739484,0.017114914425427872,0.0,Colombia,Pereira
2020/07/27,784.0,353.0,18.0,413.0,0.011731910459099408,0.04215456674473068,0.00234192037470726,Colombia,Pereira
2020/07/28,831.0,361.0,18.0,452.0,0.11401965624214966,0.01937046004842615,0.0,Colombia,Pereira
2020/07/29,890.0,377.0,19.0,494.0,0.13079628874399288,0.035398230088495575,0.0022123893805309734,Colombia,Pereira
2020/07/30,929.0,391.0,19.0,519.0,0.07911925343963166,0.02834008097165992,0.0,Colombia,Pereira
2020/07/31,970.0,407.0,20.0,543.0,0.0791776226390452,0.030828516377649325,0.0019267822736030828,Colombia,Pereira
2020/08/01,1084.0,430.0,22.0,632.0,0.21044302984669083,0.0423572744014733,0.003683241252302026,Colombia,Pereira
2020/08/02,1199.0,439.0,25.0,735.0,0.18244478007418855,0.014240506329113924,0.004746835443037975,Colombia,Pereira
2020/08/03,1272.0,480.0,31.0,761.0,0.09961126475360568,0.055782312925170066,0.00816326530612245,Colombia,Pereira
2020/08/04,1337.0,496.0,31.0,810.0,0.08567996001478524,0.02102496714848883,0.0,Colombia,Pereira
2020/08/05,1377.0,519.0,34.0,824.0,0.04954440930307033,0.028395061728395062,0.003703703703703704,Colombia,Pereira
2020/08/06,1426.0,539.0,34.0,853.0,0.05966657320786122,0.024271844660194174,0.0,Colombia,Pereira
2020/08/07,1506.0,555.0,35.0,916.0,0.0941142329737682,0.01875732708089097,0.0011723329425556857,Colombia,Pereira
2020/08/08,1596.0,575.0,39.0,982.0,0.0986157995657966,0.021834061135371178,0.004366812227074236,Colombia,Pereira
2020/08/09,1666.0,602.0,40.0,1024.0,0.07156188785574982,0.0274949083503055,0.0010183299389002036,Colombia,Pereira
2020/08/10,1727.0,632.0,41.0,1054.0,0.05981355555797247,0.029296875,0.0009765625,Colombia,Pereira
2020/08/11,1801.0,666.0,41.0,1094.0,0.07050595271195406,0.03225806451612903,0.0,Colombia,Pereira
2020/08/12,1924.0,683.0,42.0,1199.0,0.11292790028744533,0.015539305301645339,0.0009140767824497258,Colombia,Pereira
2020/08/13,2055.0,704.0,45.0,1306.0,0.10977326082088415,0.01751459549624687,0.0025020850708924102,Colombia,Pereira
2020/08/14,2144.0,787.0,47.0,1310.0,0.06849057845342793,0.06355283307810107,0.0015313935681470138,Colombia,Pereira
2020/08/15,2239.0,853.0,49.0,1337.0,0.07290060788703295,0.050381679389312976,0.0015267175572519084,Colombia,Pereira
2020/08/16,2319.0,904.0,50.0,1365.0,0.060164272792136764,0.0381451009723261,0.0007479431563201197,Colombia,Pereira
2020/08/17,2341.0,993.0,51.0,1297.0,0.016208969480226945,0.0652014652014652,0.0007326007326007326,Colombia,Pereira
2020/08/18,2395.0,1057.0,54.0,1284.0,0.041873823158902694,0.04934464148033924,0.002313030069390902,Colombia,Pereira
2020/08/19,2559.0,1171.0,62.0,1326.0,0.1284769546704208,0.08878504672897196,0.006230529595015576,Colombia,Pereira
2020/08/20,2644.0,1333.0,65.0,1246.0,0.0645054971147855,0.12217194570135746,0.0022624434389140274,Colombia,Pereira
2020/08/21,2758.0,1402.0,66.0,1290.0,0.09208710477193616,0.05537720706260032,0.0008025682182985554,Colombia,Pereira
2020/08/22,2997.0,1499.0,69.0,1429.0,0.1865270642674431,0.07519379844961241,0.002325581395348837,Colombia,Pereira
2020/08/23,3107.0,1570.0,71.0,1466.0,0.07754419265887248,0.0496850944716585,0.0013995801259622112,Colombia,Pereira
2020/08/24,3263.0,1726.0,77.0,1460.0,0.10722521792583144,0.10641200545702592,0.004092769440654843,Colombia,Pereira
2020/08/25,3396.0,1818.0,79.0,1499.0,0.0918272899449506,0.06301369863013699,0.0013698630136986301,Colombia,Pereira
2020/08/26,3515.0,1927.0,80.0,1508.0,0.08004983856233654,0.07271514342895263,0.00066711140760507,Colombia,Pereira
2020/08/27,3680.0,2003.0,82.0,1595.0,0.1103633718125213,0.050397877984084884,0.001326259946949602,Colombia,Pereira
2020/08/28,3812.0,2152.0,85.0,1575.0,0.08350876656550908,0.09341692789968652,0.0018808777429467085,Colombia,Pereira
2020/08/29,3915.0,2273.0,85.0,1557.0,0.06601106165288712,0.07682539682539682,0.0,Colombia,Pereira
2020/08/30,4000.0,2364.0,86.0,1550.0,0.055118906723098805,0.05844572896596018,0.0006422607578676942,Colombia,Pereira
2020/08/31,4089.0,2494.0,88.0,1507.0,0.05798552295406166,0.08387096774193549,0.0012903225806451613,Colombia,Pereira
2020/09/01,4306.0,2579.0,88.0,1639.0,0.14544642190389356,0.05640345056403451,0.0,Colombia,Pereira
2020/09/02,4444.0,2675.0,91.0,1679.0,,,,Colombia,Pereira
2020/09/03,4585.0,2773.0,94.0,1718.0,,,,Colombia,Pereira
2020/09/04,4730.0,2874.0,97.0,1759.0,,,,Colombia,Pereira
2020/09/05,4878.0,2977.0,100.0,1801.0,,,,Colombia,Pereira
2020/09/06,5030.0,3082.0,103.0,1844.0,,,,Colombia,Pereira
2020/09/07,5185.0,3190.0,106.0,1889.0,,,,Colombia,Pereira
2020/09/08,5344.0,3301.0,109.0,1934.0,,,,Colombia,Pereira
2020/09/09,5507.0,3414.0,112.0,1980.0,,,,Colombia,Pereira
2020/09/10,5673.0,3530.0,115.0,2028.0,,,,Colombia,Pereira
2020/09/11,5843.0,3649.0,118.0,2076.0,,,,Colombia,Pereira
2020/09/12,6017.0,3771.0,121.0,2125.0,,,,Colombia,Pereira
2020/09/13,6195.0,3895.0,124.0,2175.0,,,,Colombia,Pereira
2020/09/14,6377.0,4022.0,128.0,2228.0,,,,Colombia,Pereira
2020/09/15,6564.0,4152.0,132.0,2280.0,,,,Colombia,Pereira
2020/09/16,6755.0,4285.0,136.0,2334.0,,,,Colombia,Pereira
2020/09/17,6951.0,4422.0,140.0,2389.0,,,,Colombia,Pereira
2020/09/18,7151.0,4562.0,144.0,2445.0,,,,Colombia,Pereira
2020/09/19,7356.0,4705.0,148.0,2503.0,,,,Colombia,Pereira
2020/09/20,7565.0,4852.0,152.0,2562.0,,,,Colombia,Pereira
2020/09/21,7779.0,5002.0,156.0,2621.0,,,,Colombia,Pereira
2020/09/22,7998.0,5155.0,160.0,2682.0,,,,Colombia,Pereira
2020/09/23,8222.0,5312.0,164.0,2746.0,,,,Colombia,Pereira
2020/09/24,8451.0,5473.0,168.0,2810.0,,,,Colombia,Pereira
2020/09/25,8685.0,5637.0,173.0,2875.0,,,,Colombia,Pereira
2020/09/26,8925.0,5805.0,178.0,2942.0,,,,Colombia,Pereira
2020/09/27,9170.0,5977.0,183.0,3010.0,,,,Colombia,Pereira
2020/09/28,9421.0,6153.0,188.0,3080.0,,,,Colombia,Pereira
2020/09/29,9677.0,6333.0,193.0,3151.0,,,,Colombia,Pereira
2020/09/30,9939.0,6517.0,198.0,3223.0,,,,Colombia,Pereira
2020/10/01,10207.0,6706.0,203.0,3298.0,,,,Colombia,Pereira
